,0,1,2,3,4,5,6,7,8,9,10,11,12,13,14,15,16,17,18,19,20,21,22,23,24,25,26,27,28,29,30,31,32,33,34,35,36,37,38,39,40,41,42,43,44,45,46,47,48,49,50,51,52,53,54,55,56,57,58,59,60,61,62,63,64,65,66,67,68,69,70,71,72,73,74,75,76,77,78,79,80,81,82,83,84,85,86,87,88,89,90,91,92,93,94,95,96,97,98,99,100,101,102,103,104,105,106,107,108,109,110,111,112,113,114,115,116,117,118,119,120,121,122,123,124,125,126,127,128,129,130,131,132,133,134,135,136,137,138,139,140,141,142,143,144,145,146,147,148,149,150,151,152,153,154,155,156,157,158,159,160,161,162,163,164,165,166,167,168,169,170,171,172,173,174,175,176,177,178,179,180,181,182,183,184,185,186,187,188,189,190,191,192,193,194,195,196,197,198,199
0,80.0,2.0,125.0,-126.0,-113.0,-96.0,-43.0,50.0,-135.0,80.0,-120.0,-86.0,187.0,-176.0,-150.0,-87.0,-95.0,17.0,-101.0,-123.0,-123.0,-16.0,-78.0,-100.0,-155.0,-137.0,-134.0,-10.0,-92.0,-66.0,-100.0,-140.0,-143.0,-30.0,-32.0,-111.0,-122.0,-97.0,-36.0,-109.0,-73.0,-138.0,2.0,-128.0,-89.0,5.0,-54.0,-123.0,-120.0,-115.0,30.0,-96.0,-53.0,-155.0,-51.0,-12.0,-95.0,-121.0,-45.0,-141.0,-132.0,-131.0,-18.0,-97.0,-131.0,-161.0,21.0,-72.0,-18.0,-33.0,-153.0,9.0,-78.0,-162.0,-113.0,-133.0,-85.0,-117.0,-145.0,24.0,-72.0,-108.0,-148.0,-68.0,-137.0,-21.0,-95.0,-118.0,-41.0,-141.0,-66.0,-50.0,-51.0,-72.0,-98.0,-108.0,56.0,-91.0,-146.0,-52.0,155.0,13.0,-21.0,-23.0,-34.0,-169.0,122.0,-100.0,-78.0,-117.0,-90.0,-128.0,-122.0,18.0,-31.0,-149.0,-117.0,146.0,-25.0,-12.0,-76.0,-147.0,81.0,-52.0,-129.0,-16.0,23.0,-107.0,-72.0,-109.0,11.0,-91.0,-108.0,-127.0,-88.0,-103.0,-23.0,-80.0,-119.0,-99.0,-16.0,-114.0,-123.0,-106.0,-61.0,-143.0,-68.0,-65.0,-8.0,-42.0,-95.0,-181.0,-121.0,-50.0,-10.0,-33.0,-71.0,-69.0,-170.0,-96.0,-140.0,-76.0,-92.0,-119.0,-58.0,-133.0,-133.0,-14.0,-124.0,-130.0,-96.0,-83.0,-96.0,-50.0,-120.0,-135.0,-13.0,-126.0,-74.0,-77.0,-137.0,-12.0,-85.0,-141.0,-43.0,-67.0,-13.0,-52.0,-158.0,-104.0,-132.0,-117.0,-93.0,-175.0,-33.0,-108.0,-149.0,-118.0,-137.0,-29.0
1,42.0,-28.0,112.0,-121.0,-105.0,-45.0,4.0,84.0,-135.0,80.0,-32.0,1.0,187.0,-152.0,-104.0,15.0,-40.0,17.0,-38.0,-123.0,-123.0,-55.0,-14.0,-100.0,-155.0,-137.0,-76.0,-10.0,-87.0,9.0,-86.0,-98.0,-132.0,44.0,-52.0,-146.0,-104.0,-12.0,54.0,-109.0,-5.0,-138.0,14.0,-128.0,-80.0,26.0,-18.0,-124.0,-46.0,-115.0,-2.0,-96.0,-22.0,-112.0,14.0,59.0,-95.0,-115.0,-15.0,-105.0,-122.0,-131.0,-18.0,-50.0,-29.0,-150.0,20.0,-73.0,-18.0,-14.0,-151.0,9.0,-36.0,-111.0,-96.0,-52.0,-15.0,-84.0,-106.0,34.0,-65.0,7.0,-148.0,-24.0,-117.0,36.0,11.0,-41.0,-37.0,-106.0,-11.0,-21.0,33.0,-72.0,-34.0,-108.0,3.0,46.0,-135.0,-13.0,139.0,14.0,-20.0,25.0,-31.0,-169.0,117.0,-81.0,-78.0,-84.0,-116.0,-85.0,-85.0,20.0,-18.0,0.0,-82.0,63.0,91.0,-12.0,-14.0,-96.0,45.0,-13.0,-119.0,-16.0,23.0,-19.0,-60.0,18.0,72.0,-72.0,25.0,-128.0,-57.0,-49.0,-23.0,-80.0,-16.0,-19.0,-16.0,0.0,-81.0,-109.0,-15.0,-96.0,-68.0,-20.0,25.0,-9.0,-69.0,-186.0,-86.0,50.0,-10.0,-15.0,-33.0,-40.0,-159.0,-18.0,-74.0,-61.0,-96.0,-119.0,6.0,-133.0,-124.0,-14.0,-19.0,-130.0,-50.0,-19.0,-57.0,-6.0,-120.0,-135.0,-13.0,-91.0,-14.0,-80.0,-22.0,-12.0,-13.0,-87.0,-36.0,-11.0,-13.0,-41.0,-153.0,-91.0,-132.0,-42.0,-53.0,-196.0,-33.0,-66.0,-149.0,-89.0,-65.0,10.0
2,37.0,-43.0,105.0,-117.0,-116.0,-5.0,-19.0,91.0,-117.0,20.0,-2.0,-53.0,252.0,-108.0,-109.0,29.0,-9.0,-21.0,-45.0,-93.0,-112.0,-16.0,25.0,-63.0,-118.0,-105.0,36.0,-10.0,-80.0,22.0,-40.0,31.0,-11.0,-80.0,-85.0,-112.0,-54.0,-56.0,91.0,-64.0,34.0,-106.0,2.0,-122.0,-80.0,-7.0,-97.0,-108.0,-25.0,-111.0,-32.0,-69.0,-21.0,-133.0,38.0,-18.0,-72.0,42.0,-35.0,-117.0,-61.0,-103.0,27.0,20.0,-137.0,-149.0,-42.0,-67.0,28.0,26.0,-117.0,50.0,-51.0,24.0,-101.0,-164.0,28.0,11.0,-121.0,29.0,60.0,6.0,-146.0,-77.0,-46.0,37.0,-11.0,-98.0,-36.0,-115.0,16.0,49.0,16.0,-32.0,60.0,-76.0,-7.0,65.0,-130.0,20.0,126.0,15.0,13.0,55.0,95.0,-129.0,111.0,30.0,-62.0,-72.0,-116.0,24.0,14.0,11.0,-15.0,-4.0,-38.0,53.0,20.0,16.0,11.0,26.0,46.0,137.0,-102.0,-16.0,46.0,-76.0,22.0,-99.0,73.0,-98.0,-38.0,-130.0,16.0,-24.0,-111.0,-30.0,6.0,-40.0,12.0,-101.0,60.0,-84.0,4.0,25.0,-26.0,30.0,11.0,-32.0,-88.0,-183.0,16.0,52.0,-9.0,102.0,14.0,13.0,-2.0,27.0,75.0,-67.0,23.0,-114.0,-59.0,-133.0,-116.0,17.0,24.0,-99.0,-120.0,19.0,-103.0,-21.0,-92.0,-104.0,25.0,6.0,-5.0,-51.0,-3.0,-11.0,1.0,-79.0,-57.0,-11.0,18.0,32.0,-152.0,65.0,-123.0,-75.0,15.0,-187.0,72.0,-23.0,-132.0,34.0,23.0,23.0
3,27.0,-72.0,80.0,-118.0,-91.0,-113.0,-16.0,87.0,-104.0,19.0,18.0,-68.0,250.0,-113.0,-110.0,29.0,-41.0,-13.0,-34.0,-123.0,-103.0,-16.0,17.0,-63.0,-118.0,-129.0,48.0,16.0,-72.0,-50.0,-88.0,31.0,-121.0,-79.0,-76.0,-112.0,-43.0,-102.0,76.0,-64.0,-71.0,-106.0,34.0,-124.0,-101.0,40.0,36.0,-108.0,22.0,-111.0,-23.0,-69.0,-20.0,-128.0,-16.0,75.0,-92.0,41.0,-39.0,-122.0,14.0,-103.0,27.0,20.0,-144.0,-91.0,-26.0,-57.0,21.0,26.0,-150.0,50.0,47.0,23.0,-103.0,-159.0,27.0,13.0,-121.0,15.0,46.0,-13.0,-148.0,-74.0,-130.0,40.0,42.0,-3.0,35.0,-117.0,14.0,-6.0,19.0,-47.0,56.0,-76.0,-7.0,65.0,-118.0,18.0,113.0,14.0,40.0,58.0,95.0,-131.0,109.0,30.0,-54.0,-76.0,-116.0,24.0,3.0,93.0,-66.0,-24.0,-46.0,-4.0,-37.0,17.0,-3.0,24.0,46.0,136.0,-118.0,-8.0,59.0,-73.0,19.0,-102.0,74.0,29.0,-127.0,-126.0,16.0,0.0,-111.0,-30.0,-5.0,-43.0,17.0,-66.0,45.0,-105.0,18.0,24.0,-26.0,-38.0,25.0,-50.0,-89.0,-164.0,16.0,46.0,-8.0,-36.0,22.0,16.0,-3.0,18.0,4.0,-18.0,21.0,-112.0,-23.0,-116.0,-105.0,6.0,-11.0,-99.0,-53.0,27.0,-100.0,-21.0,-92.0,-104.0,25.0,6.0,-7.0,-51.0,-7.0,-11.0,-29.0,-81.0,-57.0,-9.0,28.0,37.0,-24.0,50.0,-121.0,-80.0,15.0,-189.0,72.0,-15.0,-146.0,34.0,-99.0,19.0
4,5.0,-72.0,80.0,-118.0,-47.0,-85.0,0.0,51.0,-98.0,9.0,24.0,-36.0,243.0,-99.0,-112.0,26.0,-39.0,-9.0,58.0,-116.0,-102.0,-16.0,18.0,-63.0,-91.0,-119.0,48.0,32.0,-72.0,-61.0,-89.0,31.0,-117.0,-77.0,-74.0,-112.0,-75.0,-96.0,65.0,-64.0,-67.0,-106.0,2.0,-122.0,-95.0,-4.0,-122.0,-106.0,-111.0,-110.0,31.0,-69.0,-21.0,-125.0,44.0,-32.0,-86.0,39.0,-46.0,-127.0,17.0,-103.0,27.0,20.0,-145.0,-41.0,-59.0,-60.0,24.0,26.0,-9.0,50.0,-53.0,28.0,-106.0,-155.0,22.0,16.0,-108.0,12.0,31.0,-4.0,-147.0,-77.0,-131.0,41.0,49.0,-97.0,91.0,-122.0,14.0,45.0,16.0,-54.0,-46.0,-76.0,130.0,32.0,-119.0,22.0,107.0,14.0,-100.0,35.0,54.0,-129.0,117.0,-26.0,-47.0,-86.0,-116.0,23.0,-6.0,89.0,-30.0,21.0,-5.0,112.0,-25.0,18.0,7.0,24.0,-27.0,128.0,-2.0,8.0,59.0,-75.0,19.0,-97.0,73.0,-51.0,-125.0,-122.0,-86.0,-18.0,16.0,-30.0,-28.0,-1.0,17.0,-145.0,14.0,-87.0,24.0,25.0,-26.0,-117.0,19.0,-47.0,-92.0,-153.0,19.0,-33.0,-6.0,-33.0,13.0,38.0,8.0,8.0,91.0,33.0,16.0,-106.0,-14.0,-111.0,-102.0,-39.0,-82.0,-99.0,-21.0,27.0,-96.0,-6.0,-40.0,-10.0,23.0,11.0,-4.0,-51.0,10.0,-12.0,17.0,-83.0,-57.0,-7.0,33.0,36.0,-62.0,65.0,-123.0,-86.0,9.0,-113.0,72.0,-12.0,-139.0,34.0,-111.0,-8.0
5,-36.0,-72.0,119.0,-120.0,-65.0,52.0,72.0,-22.0,-100.0,3.0,26.0,38.0,241.0,-8.0,-114.0,-93.0,-41.0,-6.0,1.0,-52.0,-103.0,-17.0,17.0,-63.0,0.0,-100.0,-98.0,-58.0,-2.0,-61.0,-94.0,-4.0,-101.0,55.0,-32.0,-112.0,-134.0,-96.0,70.0,49.0,-90.0,-106.0,-43.0,-123.0,32.0,-53.0,-122.0,-45.0,-116.0,-108.0,32.0,-69.0,-48.0,32.0,55.0,-37.0,-81.0,20.0,-48.0,-128.0,19.0,-103.0,27.0,18.0,-121.0,4.0,-64.0,-56.0,22.0,26.0,10.0,-70.0,-61.0,-44.0,-107.0,-155.0,27.0,-50.0,-122.0,-59.0,20.0,18.0,-104.0,-80.0,-132.0,39.0,50.0,-159.0,108.0,-123.0,16.0,58.0,22.0,58.0,-65.0,-77.0,157.0,17.0,-116.0,25.0,39.0,15.0,40.0,57.0,-61.0,-129.0,60.0,-129.0,-49.0,-94.0,-116.0,-53.0,-5.0,57.0,-81.0,23.0,-4.0,131.0,-32.0,18.0,15.0,24.0,40.0,20.0,13.0,-82.0,-52.0,-76.0,18.0,29.0,59.0,-113.0,58.0,-10.0,-93.0,10.0,21.0,-18.0,-78.0,5.0,13.0,-147.0,15.0,-69.0,16.0,28.0,-26.0,-121.0,-27.0,-45.0,-90.0,34.0,20.0,-58.0,-4.0,-34.0,28.0,45.0,15.0,17.0,5.0,47.0,-10.0,47.0,-24.0,-112.0,-88.0,-73.0,-69.0,-100.0,4.0,27.0,-43.0,-21.0,5.0,7.0,17.0,15.0,-20.0,-51.0,12.0,-39.0,15.0,-86.0,-48.0,-4.0,32.0,-21.0,2.0,73.0,-126.0,-87.0,14.0,-59.0,72.0,-86.0,4.0,34.0,-113.0,-7.0
6,-42.0,-70.0,118.0,-123.0,-76.0,58.0,64.0,-19.0,-99.0,-4.0,2.0,41.0,234.0,-3.0,-114.0,-103.0,-43.0,-9.0,-10.0,-56.0,-103.0,-17.0,17.0,-63.0,2.0,-117.0,-73.0,-65.0,9.0,-61.0,-98.0,-16.0,-101.0,54.0,-33.0,-112.0,-123.0,-97.0,73.0,74.0,-94.0,-106.0,-47.0,-123.0,32.0,-54.0,-111.0,-42.0,-119.0,-106.0,29.0,-69.0,-59.0,32.0,53.0,-41.0,-82.0,27.0,-34.0,-124.0,21.0,-103.0,27.0,20.0,-105.0,14.0,-65.0,-55.0,23.0,26.0,12.0,-70.0,-63.0,-44.0,-107.0,-144.0,27.0,-51.0,-120.0,-81.0,42.0,19.0,-96.0,-84.0,-133.0,41.0,52.0,-153.0,137.0,-120.0,16.0,54.0,22.0,71.0,-67.0,-77.0,164.0,4.0,-112.0,25.0,22.0,15.0,40.0,46.0,-64.0,-129.0,49.0,-132.0,-43.0,-101.0,-97.0,-58.0,-7.0,55.0,-78.0,18.0,-3.0,135.0,-34.0,21.0,15.0,24.0,46.0,31.0,15.0,-64.0,-52.0,-74.0,20.0,25.0,36.0,-118.0,58.0,-7.0,-97.0,20.0,21.0,3.0,-67.0,13.0,13.0,-143.0,14.0,-64.0,4.0,28.0,-26.0,-123.0,-32.0,-41.0,-92.0,24.0,20.0,-59.0,-3.0,-25.0,28.0,47.0,21.0,16.0,0.0,62.0,-5.0,47.0,-36.0,-113.0,-80.0,-77.0,-65.0,-100.0,8.0,27.0,-21.0,-25.0,10.0,13.0,18.0,18.0,-32.0,-51.0,17.0,-39.0,20.0,-92.0,-48.0,0.0,14.0,-28.0,5.0,73.0,-126.0,-88.0,15.0,-31.0,72.0,-95.0,6.0,34.0,-114.0,-13.0
7,-42.0,-80.0,-18.0,-96.0,-84.0,-10.0,145.0,-17.0,-101.0,15.0,26.0,40.0,236.0,-18.0,-116.0,-15.0,1.0,28.0,48.0,-111.0,-100.0,-17.0,16.0,-63.0,-100.0,6.0,-71.0,-10.0,-61.0,-61.0,-97.0,-48.0,13.0,-50.0,-28.0,-112.0,-104.0,-84.0,74.0,-63.0,-93.0,-107.0,2.0,-121.0,32.0,-56.0,19.0,-42.0,-118.0,-104.0,29.0,-69.0,-51.0,41.0,53.0,-42.0,-84.0,34.0,-15.0,-122.0,22.0,-103.0,27.0,20.0,-142.0,-69.0,-66.0,-53.0,22.0,26.0,-12.0,-70.0,-13.0,21.0,-103.0,-105.0,25.0,-102.0,-120.0,-32.0,42.0,18.0,-95.0,-84.0,-133.0,44.0,36.0,-61.0,122.0,-119.0,-72.0,-17.0,22.0,30.0,-61.0,-77.0,173.0,14.0,-111.0,25.0,60.0,15.0,40.0,54.0,25.0,-166.0,42.0,-20.0,-39.0,-84.0,-148.0,13.0,-39.0,80.0,-77.0,19.0,-6.0,134.0,107.0,21.0,15.0,22.0,-63.0,-43.0,16.0,-16.0,-36.0,-73.0,-47.0,-84.0,33.0,-103.0,57.0,-19.0,-99.0,20.0,21.0,7.0,-116.0,13.0,14.0,-140.0,4.0,-93.0,21.0,28.0,-26.0,-125.0,-87.0,-38.0,-91.0,20.0,20.0,-57.0,-3.0,-36.0,28.0,47.0,17.0,15.0,79.0,34.0,-105.0,-94.0,-47.0,-114.0,-93.0,-50.0,-127.0,-123.0,-63.0,27.0,-87.0,-13.0,11.0,15.0,19.0,5.0,17.0,-51.0,13.0,-43.0,14.0,-72.0,-56.0,3.0,37.0,16.0,-40.0,72.0,-128.0,-88.0,15.0,-171.0,72.0,-106.0,5.0,23.0,-93.0,-40.0
8,-13.0,-77.0,-16.0,-83.0,-81.0,-59.0,-10.0,-18.0,-100.0,107.0,28.0,-31.0,238.0,-38.0,29.0,-3.0,49.0,31.0,51.0,-110.0,-96.0,-17.0,13.0,-63.0,-138.0,-61.0,48.0,21.0,-60.0,-104.0,-96.0,26.0,13.0,-66.0,-11.0,-112.0,-87.0,12.0,77.0,-87.0,-93.0,-107.0,31.0,-119.0,32.0,-49.0,35.0,-40.0,-119.0,-103.0,28.0,-96.0,-1.0,40.0,52.0,-7.0,-83.0,-76.0,-12.0,-120.0,18.0,-103.0,27.0,20.0,-141.0,-130.0,-63.0,-24.0,21.0,16.0,-130.0,-84.0,51.0,23.0,-100.0,13.0,25.0,-106.0,-119.0,-51.0,-103.0,-37.0,-41.0,-84.0,-123.0,52.0,-99.0,-162.0,20.0,-119.0,-81.0,-16.0,-44.0,48.0,-68.0,-77.0,-26.0,108.0,-110.0,25.0,30.0,15.0,40.0,53.0,81.0,-164.0,99.0,17.0,-38.0,21.0,-146.0,15.0,-113.0,81.0,-69.0,-93.0,-6.0,112.0,131.0,21.0,15.0,22.0,-95.0,-42.0,-105.0,26.0,59.0,-72.0,-36.0,-49.0,53.0,16.0,61.0,16.0,29.0,-120.0,-24.0,-55.0,-156.0,13.0,16.0,-138.0,-65.0,-92.0,24.0,28.0,-26.0,-13.0,-84.0,-69.0,-92.0,24.0,20.0,37.0,-5.0,-35.0,28.0,-58.0,-150.0,-122.0,88.0,3.0,-105.0,-91.0,43.0,-115.0,-87.0,26.0,-89.0,-121.0,-106.0,27.0,-86.0,42.0,-86.0,-109.0,23.0,3.0,25.0,-51.0,19.0,-4.0,-55.0,-5.0,-52.0,6.0,37.0,36.0,-126.0,73.0,-127.0,-88.0,15.0,-171.0,72.0,-52.0,-12.0,24.0,-53.0,-88.0
9,-25.0,-76.0,-15.0,-100.0,-129.0,-46.0,-10.0,-17.0,-99.0,119.0,28.0,-105.0,236.0,-28.0,27.0,-8.0,47.0,33.0,49.0,-109.0,-94.0,-17.0,9.0,-64.0,-135.0,-100.0,47.0,14.0,-59.0,-103.0,-93.0,-22.0,23.0,-62.0,-2.0,-112.0,-73.0,-12.0,66.0,-84.0,-93.0,-107.0,34.0,-118.0,32.0,-12.0,35.0,-39.0,-56.0,-100.0,27.0,-95.0,-3.0,39.0,52.0,60.0,-81.0,-159.0,-6.0,-117.0,21.0,-105.0,27.0,20.0,-138.0,-127.0,-62.0,8.0,20.0,25.0,-129.0,-83.0,71.0,23.0,-97.0,12.0,25.0,-104.0,-118.0,-38.0,-103.0,-8.0,-109.0,-64.0,-133.0,45.0,-129.0,-162.0,-5.0,-102.0,-94.0,-9.0,-35.0,77.0,-67.0,-77.0,-28.0,111.0,-110.0,25.0,8.0,15.0,40.0,53.0,84.0,-162.0,110.0,18.0,-40.0,29.0,-145.0,14.0,-112.0,77.0,-63.0,-148.0,-4.0,96.0,129.0,21.0,15.0,22.0,-94.0,-40.0,-105.0,26.0,59.0,-70.0,14.0,-57.0,60.0,16.0,57.0,-19.0,29.0,-118.0,-80.0,-76.0,-156.0,13.0,16.0,-135.0,-109.0,-93.0,24.0,28.0,-26.0,7.0,-81.0,-68.0,-91.0,24.0,20.0,36.0,-8.0,-34.0,28.0,-42.0,-149.0,-122.0,86.0,50.0,-105.0,-89.0,44.0,-114.0,-29.0,27.0,-96.0,-120.0,-104.0,27.0,-86.0,39.0,-98.0,-105.0,26.0,-25.0,28.0,-70.0,9.0,-6.0,-45.0,22.0,-49.0,8.0,37.0,36.0,-105.0,75.0,-127.0,-63.0,15.0,-171.0,72.0,-60.0,-31.0,34.0,-108.0,-107.0
10,-43.0,-75.0,-14.0,-124.0,-131.0,-52.0,-9.0,-17.0,-98.0,119.0,28.0,-104.0,232.0,-18.0,25.0,2.0,45.0,35.0,50.0,-107.0,-93.0,-17.0,11.0,-64.0,-133.0,-120.0,48.0,29.0,-59.0,-103.0,-92.0,-62.0,23.0,-61.0,-2.0,-113.0,-38.0,-45.0,-61.0,-81.0,-93.0,-107.0,34.0,-117.0,32.0,-8.0,35.0,-42.0,12.0,-99.0,25.0,-94.0,-2.0,39.0,51.0,85.0,-80.0,-158.0,0.0,-116.0,20.0,-131.0,27.0,20.0,-137.0,-124.0,-62.0,-8.0,19.0,26.0,-128.0,-84.0,69.0,23.0,-95.0,13.0,25.0,-103.0,-118.0,-52.0,-84.0,20.0,-130.0,15.0,-132.0,41.0,-128.0,-159.0,-29.0,-76.0,-94.0,43.0,-11.0,71.0,-66.0,-78.0,-4.0,115.0,-66.0,25.0,28.0,15.0,40.0,52.0,82.0,-161.0,110.0,18.0,-21.0,29.0,-145.0,14.0,-112.0,73.0,-64.0,-114.0,-127.0,62.0,129.0,21.0,-37.0,19.0,-94.0,-38.0,-102.0,26.0,59.0,-68.0,19.0,-57.0,60.0,19.0,33.0,-52.0,29.0,-116.0,-80.0,-75.0,-155.0,13.0,14.0,-134.0,-124.0,-31.0,24.0,27.0,-68.0,-53.0,-79.0,-66.0,-89.0,34.0,20.0,32.0,-6.0,-34.0,28.0,-53.0,-148.0,-123.0,83.0,63.0,-102.0,-88.0,44.0,-113.0,-8.0,27.0,-88.0,-120.0,-103.0,27.0,-86.0,108.0,-96.0,-104.0,26.0,16.0,28.0,-79.0,-111.0,-9.0,-33.0,-5.0,-46.0,11.0,37.0,36.0,-150.0,74.0,-128.0,-35.0,7.0,-171.0,72.0,-117.0,-12.0,34.0,-115.0,-105.0
11,-39.0,-74.0,-13.0,-123.0,-131.0,-35.0,-10.0,-18.0,-97.0,120.0,28.0,-103.0,226.0,-19.0,24.0,11.0,44.0,36.0,51.0,-107.0,-93.0,-18.0,11.0,-64.0,-131.0,-119.0,47.0,33.0,-59.0,-102.0,-91.0,-113.0,23.0,-60.0,-4.0,-113.0,-29.0,-69.0,-74.0,-79.0,-93.0,-107.0,34.0,-116.0,32.0,1.0,35.0,-63.0,21.0,-98.0,23.0,-93.0,1.0,39.0,51.0,81.0,-79.0,-158.0,5.0,-115.0,18.0,-131.0,27.0,20.0,-135.0,-122.0,-61.0,-8.0,19.0,26.0,-128.0,-83.0,69.0,24.0,-94.0,12.0,25.0,-102.0,-118.0,-57.0,-80.0,20.0,-130.0,47.0,-132.0,35.0,-128.0,-158.0,-29.0,-54.0,-93.0,43.0,-4.0,71.0,-65.0,-78.0,-17.0,118.0,-57.0,24.0,41.0,15.0,40.0,52.0,81.0,-160.0,110.0,-5.0,-16.0,29.0,-144.0,12.0,-110.0,70.0,-54.0,-87.0,-125.0,33.0,127.0,21.0,-72.0,19.0,-93.0,-38.0,-101.0,26.0,59.0,-68.0,21.0,-79.0,59.0,25.0,37.0,-54.0,29.0,-114.0,-80.0,-75.0,-153.0,13.0,13.0,-133.0,-122.0,-9.0,24.0,26.0,-66.0,-36.0,-78.0,-65.0,-88.0,34.0,20.0,32.0,-1.0,-34.0,28.0,-58.0,-147.0,-122.0,81.0,65.0,-99.0,-88.0,44.0,-113.0,-46.0,27.0,-75.0,-119.0,-102.0,27.0,-86.0,124.0,-95.0,-103.0,26.0,16.0,28.0,-77.0,-146.0,5.0,-44.0,-5.0,-45.0,13.0,37.0,36.0,-149.0,74.0,-127.0,-50.0,-31.0,-163.0,72.0,-131.0,-32.0,34.0,-114.0,-106.0
12,-36.0,-73.0,-13.0,-123.0,-130.0,-7.0,-10.0,-18.0,-97.0,121.0,28.0,-103.0,220.0,-23.0,24.0,6.0,43.0,36.0,52.0,-106.0,-93.0,-18.0,14.0,-64.0,-130.0,-119.0,47.0,32.0,-60.0,-101.0,-91.0,-111.0,22.0,-61.0,-5.0,-112.0,-9.0,-82.0,-73.0,-77.0,-93.0,-107.0,34.0,-116.0,32.0,7.0,34.0,-92.0,23.0,-98.0,21.0,-92.0,4.0,39.0,51.0,82.0,-78.0,-158.0,7.0,-113.0,18.0,-130.0,27.0,20.0,-134.0,-121.0,-62.0,-8.0,18.0,26.0,-127.0,-80.0,68.0,24.0,-92.0,10.0,24.0,-101.0,-119.0,-60.0,-75.0,20.0,-125.0,60.0,-132.0,29.0,-128.0,-156.0,-28.0,-40.0,-94.0,48.0,-2.0,75.0,-64.0,-78.0,-14.0,119.0,-31.0,23.0,55.0,15.0,40.0,52.0,80.0,-159.0,110.0,-17.0,-16.0,29.0,-143.0,12.0,-110.0,67.0,-52.0,-51.0,-123.0,34.0,127.0,21.0,-85.0,19.0,-93.0,-36.0,-101.0,26.0,59.0,-68.0,21.0,-86.0,58.0,24.0,27.0,-61.0,29.0,-113.0,-80.0,-75.0,-150.0,12.0,13.0,-133.0,-120.0,0.0,24.0,25.0,-65.0,-9.0,-77.0,-65.0,-89.0,34.0,20.0,32.0,2.0,-33.0,28.0,-64.0,-147.0,-123.0,79.0,64.0,-97.0,-88.0,44.0,-113.0,-53.0,27.0,-59.0,-119.0,-100.0,27.0,-87.0,133.0,-95.0,-102.0,25.0,19.0,28.0,-75.0,-161.0,5.0,-40.0,-5.0,-43.0,14.0,37.0,36.0,-149.0,73.0,-126.0,-39.0,-55.0,-145.0,72.0,-129.0,-36.0,34.0,-113.0,-106.0
13,-33.0,-69.0,-12.0,-123.0,-130.0,-10.0,-9.0,-17.0,-96.0,122.0,28.0,-103.0,216.0,-18.0,23.0,11.0,43.0,36.0,54.0,-106.0,-93.0,-17.0,17.0,-64.0,-128.0,-118.0,47.0,32.0,-61.0,-101.0,-91.0,-111.0,22.0,-61.0,-4.0,-116.0,-3.0,-80.0,-73.0,-76.0,-93.0,-107.0,34.0,-117.0,32.0,8.0,33.0,-85.0,24.0,-98.0,19.0,-91.0,8.0,38.0,50.0,82.0,-78.0,-158.0,9.0,-112.0,17.0,-130.0,27.0,20.0,-134.0,-121.0,-62.0,-10.0,18.0,25.0,-127.0,-78.0,66.0,24.0,-91.0,12.0,24.0,-101.0,-119.0,-67.0,-74.0,15.0,-120.0,57.0,-132.0,27.0,-128.0,-155.0,-27.0,-42.0,-95.0,47.0,-5.0,73.0,-63.0,-79.0,-9.0,119.0,-28.0,23.0,53.0,15.0,40.0,51.0,78.0,-157.0,109.0,-17.0,-15.0,29.0,-143.0,13.0,-110.0,64.0,-58.0,-54.0,-122.0,26.0,126.0,21.0,-91.0,18.0,-93.0,-34.0,-100.0,26.0,59.0,-68.0,22.0,-86.0,56.0,24.0,29.0,-62.0,29.0,-112.0,-80.0,-73.0,-148.0,13.0,12.0,-133.0,-119.0,-12.0,24.0,25.0,-64.0,-12.0,-76.0,-66.0,-89.0,34.0,20.0,30.0,4.0,-31.0,27.0,-68.0,-146.0,-123.0,77.0,64.0,-95.0,-89.0,44.0,-113.0,-56.0,27.0,-54.0,-118.0,-100.0,27.0,-87.0,132.0,-95.0,-100.0,25.0,17.0,28.0,-74.0,-159.0,6.0,-35.0,-5.0,-42.0,15.0,37.0,36.0,-149.0,72.0,-125.0,-39.0,-50.0,-146.0,72.0,-127.0,-36.0,34.0,-113.0,-107.0
14,-31.0,-66.0,-12.0,-123.0,-130.0,-8.0,-9.0,-16.0,-96.0,118.0,28.0,-104.0,211.0,-13.0,23.0,14.0,43.0,36.0,53.0,-105.0,-93.0,-17.0,18.0,-64.0,-127.0,-118.0,47.0,32.0,-63.0,-100.0,-91.0,-110.0,21.0,-62.0,-5.0,-146.0,5.0,-78.0,-73.0,-75.0,-94.0,-106.0,34.0,-117.0,32.0,8.0,32.0,-82.0,19.0,-98.0,19.0,-90.0,12.0,37.0,50.0,82.0,-78.0,-158.0,11.0,-110.0,17.0,-128.0,27.0,20.0,-134.0,-120.0,-63.0,-13.0,18.0,24.0,-127.0,-76.0,65.0,24.0,-91.0,14.0,24.0,-101.0,-119.0,-76.0,-63.0,12.0,-115.0,59.0,-132.0,25.0,-127.0,-154.0,-27.0,-43.0,-91.0,47.0,-9.0,78.0,-63.0,-78.0,-1.0,119.0,-30.0,23.0,43.0,15.0,40.0,51.0,76.0,-156.0,109.0,-16.0,-13.0,29.0,-142.0,14.0,-109.0,62.0,-65.0,-51.0,-121.0,18.0,127.0,21.0,-91.0,18.0,-93.0,-32.0,-100.0,26.0,59.0,-68.0,16.0,-86.0,53.0,23.0,36.0,-62.0,29.0,-112.0,-80.0,-72.0,-144.0,15.0,12.0,-132.0,-118.0,-23.0,24.0,24.0,-63.0,-12.0,-75.0,-68.0,-89.0,34.0,19.0,32.0,5.0,-31.0,27.0,-71.0,-146.0,-124.0,76.0,65.0,-94.0,-89.0,44.0,-113.0,-61.0,27.0,-44.0,-117.0,-99.0,26.0,-88.0,132.0,-95.0,-99.0,25.0,17.0,28.0,-72.0,-155.0,8.0,-32.0,-5.0,-41.0,14.0,37.0,36.0,-149.0,72.0,-124.0,-39.0,-46.0,-146.0,71.0,-125.0,-36.0,34.0,-114.0,-106.0
15,-29.0,-65.0,-12.0,-123.0,-128.0,-13.0,-9.0,-13.0,-96.0,116.0,28.0,-105.0,207.0,-11.0,23.0,1.0,42.0,36.0,53.0,-104.0,-93.0,-17.0,17.0,-63.0,-127.0,-118.0,46.0,34.0,-63.0,-99.0,-91.0,-109.0,20.0,-64.0,-6.0,-144.0,14.0,-71.0,-72.0,-74.0,-95.0,-138.0,34.0,-117.0,32.0,5.0,31.0,-73.0,14.0,-97.0,17.0,-90.0,12.0,36.0,49.0,83.0,-77.0,-159.0,12.0,-110.0,16.0,-126.0,27.0,20.0,-135.0,-120.0,-64.0,-20.0,17.0,24.0,-127.0,-75.0,63.0,25.0,-90.0,15.0,24.0,-101.0,-119.0,-85.0,-52.0,4.0,-113.0,58.0,-131.0,23.0,-126.0,-153.0,-26.0,-47.0,-93.0,47.0,-12.0,80.0,-62.0,-78.0,-1.0,118.0,-23.0,22.0,39.0,15.0,40.0,51.0,70.0,-155.0,108.0,-7.0,-8.0,29.0,-142.0,14.0,-109.0,61.0,-71.0,-48.0,-121.0,7.0,127.0,21.0,-90.0,17.0,-93.0,-31.0,-99.0,26.0,59.0,-69.0,10.0,-86.0,51.0,22.0,29.0,-63.0,28.0,-112.0,-81.0,-71.0,-141.0,16.0,10.0,-130.0,-117.0,-42.0,24.0,24.0,-63.0,-17.0,-73.0,-70.0,-89.0,34.0,19.0,33.0,5.0,-30.0,27.0,-75.0,-146.0,-124.0,74.0,70.0,-93.0,-89.0,44.0,-113.0,-67.0,27.0,-39.0,-116.0,-99.0,26.0,-89.0,130.0,-94.0,-98.0,25.0,17.0,28.0,-72.0,-151.0,10.0,-30.0,-5.0,-42.0,13.0,36.0,36.0,-149.0,72.0,-124.0,-39.0,-39.0,-146.0,70.0,-123.0,-38.0,34.0,-114.0,-107.0
16,-24.0,-63.0,-13.0,-124.0,-93.0,-70.0,-9.0,-10.0,-96.0,111.0,28.0,-105.0,203.0,-12.0,23.0,18.0,41.0,36.0,54.0,-103.0,-93.0,-27.0,18.0,-76.0,-126.0,-118.0,45.0,34.0,-64.0,-98.0,-92.0,-83.0,16.0,-64.0,2.0,-66.0,-6.0,-15.0,-73.0,-74.0,-95.0,-137.0,34.0,-116.0,33.0,-9.0,30.0,-30.0,-18.0,-97.0,15.0,-90.0,-7.0,36.0,49.0,84.0,-77.0,-159.0,13.0,-109.0,16.0,-124.0,27.0,18.0,-135.0,-120.0,-64.0,-6.0,16.0,21.0,-126.0,-53.0,55.0,25.0,-88.0,16.0,25.0,-100.0,-119.0,-62.0,-75.0,-13.0,-80.0,44.0,-109.0,21.0,-125.0,-153.0,-26.0,-50.0,-46.0,23.0,-4.0,84.0,-62.0,-77.0,-1.0,118.0,-33.0,20.0,16.0,15.0,39.0,50.0,69.0,-154.0,108.0,6.0,16.0,29.0,-141.0,15.0,-108.0,59.0,-51.0,-56.0,-120.0,29.0,126.0,21.0,-59.0,14.0,-92.0,-30.0,-99.0,26.0,57.0,-69.0,12.0,-68.0,49.0,22.0,19.0,-56.0,28.0,-113.0,-81.0,-70.0,-127.0,16.0,9.0,-128.0,-117.0,-52.0,24.0,23.0,-62.0,-59.0,-72.0,-72.0,-88.0,29.0,18.0,33.0,6.0,-30.0,27.0,-72.0,-146.0,-123.0,73.0,72.0,-92.0,-89.0,43.0,-113.0,-98.0,26.0,-60.0,-115.0,-99.0,26.0,-90.0,113.0,-93.0,-97.0,25.0,18.0,28.0,-71.0,-117.0,-11.0,4.0,-5.0,-43.0,13.0,36.0,36.0,-150.0,67.0,-119.0,-74.0,2.0,-146.0,68.0,-69.0,-56.0,34.0,-114.0,-115.0
17,-19.0,-50.0,-13.0,-124.0,-29.0,-82.0,-10.0,-10.0,-96.0,94.0,18.0,-106.0,199.0,-15.0,23.0,18.0,41.0,36.0,57.0,-103.0,-93.0,-45.0,18.0,-46.0,-125.0,-118.0,39.0,-18.0,-65.0,-98.0,-93.0,-83.0,-64.0,-64.0,6.0,-25.0,-51.0,-14.0,-73.0,-75.0,-96.0,-133.0,34.0,-116.0,33.0,-37.0,29.0,-3.0,-78.0,-96.0,12.0,-90.0,-71.0,32.0,48.0,85.0,-78.0,-160.0,14.0,-108.0,16.0,-119.0,23.0,20.0,-135.0,-119.0,-65.0,-6.0,15.0,10.0,-126.0,-52.0,-2.0,26.0,-87.0,19.0,25.0,-100.0,-119.0,-33.0,-75.0,-31.0,-40.0,41.0,-81.0,20.0,-50.0,-152.0,-17.0,-39.0,11.0,22.0,-13.0,87.0,-62.0,-76.0,-13.0,118.0,-65.0,19.0,5.0,15.0,39.0,35.0,66.0,-154.0,98.0,17.0,26.0,29.0,-140.0,15.0,-108.0,57.0,-40.0,-91.0,-111.0,73.0,125.0,21.0,-54.0,-60.0,-92.0,-30.0,-98.0,26.0,58.0,-69.0,12.0,-31.0,48.0,22.0,-30.0,2.0,15.0,-113.0,-81.0,22.0,-16.0,17.0,9.0,-128.0,-116.0,-82.0,24.0,20.0,-62.0,-116.0,-71.0,-73.0,-88.0,19.0,18.0,35.0,7.0,-29.0,27.0,-75.0,-146.0,-123.0,70.0,70.0,-91.0,-90.0,43.0,-114.0,-99.0,21.0,1.0,-114.0,-99.0,26.0,-90.0,44.0,-93.0,-96.0,25.0,21.0,28.0,-70.0,-110.0,-59.0,14.0,-51.0,-42.0,14.0,35.0,36.0,-150.0,26.0,-79.0,-38.0,13.0,-151.0,67.0,21.0,-52.0,27.0,-113.0,-116.0
18,14.0,-4.0,-14.0,-124.0,-9.0,-83.0,-10.0,-15.0,-97.0,80.0,14.0,-107.0,173.0,-2.0,23.0,18.0,40.0,35.0,55.0,-94.0,-93.0,22.0,18.0,-1.0,-108.0,-118.0,36.0,-98.0,-66.0,-88.0,-94.0,-83.0,-101.0,-65.0,10.0,-16.0,-72.0,-1.0,-73.0,-74.0,-96.0,-73.0,34.0,-116.0,33.0,-38.0,29.0,-2.0,-128.0,-96.0,-6.0,-90.0,-108.0,30.0,38.0,85.0,-78.0,-160.0,14.0,-108.0,17.0,-52.0,-28.0,20.0,-136.0,-119.0,-65.0,-5.0,15.0,15.0,-126.0,-16.0,-74.0,26.0,-86.0,19.0,25.0,-100.0,-119.0,-18.0,-61.0,-89.0,-10.0,20.0,-35.0,19.0,40.0,-152.0,-16.0,18.0,14.0,4.0,-24.0,88.0,-62.0,-65.0,-21.0,103.0,-101.0,19.0,-8.0,15.0,39.0,35.0,7.0,-153.0,47.0,23.0,27.0,29.0,-88.0,15.0,-100.0,56.0,-36.0,-117.0,-104.0,95.0,124.0,11.0,-84.0,-91.0,-92.0,-29.0,-97.0,25.0,59.0,-69.0,12.0,-14.0,29.0,17.0,-50.0,14.0,-29.0,-113.0,-82.0,96.0,4.0,18.0,9.0,-114.0,-116.0,-89.0,23.0,18.0,-62.0,-133.0,-71.0,-73.0,-77.0,6.0,13.0,36.0,7.0,49.0,27.0,-56.0,-146.0,-124.0,69.0,70.0,-68.0,-90.0,44.0,-114.0,-100.0,15.0,21.0,16.0,-99.0,26.0,-90.0,-2.0,-93.0,-96.0,15.0,22.0,28.0,-70.0,-112.0,-59.0,23.0,-98.0,-42.0,15.0,33.0,36.0,-151.0,-41.0,-46.0,-8.0,15.0,-150.0,65.0,24.0,-43.0,20.0,-114.0,-117.0
19,15.0,1.0,-14.0,-124.0,-5.0,-108.0,-10.0,-16.0,-97.0,80.0,-19.0,-107.0,65.0,5.0,22.0,19.0,35.0,35.0,54.0,-37.0,-94.0,45.0,18.0,14.0,-77.0,-118.0,-4.0,-104.0,-66.0,-6.0,-94.0,-83.0,-124.0,-65.0,14.0,-7.0,-97.0,8.0,-73.0,-75.0,-96.0,-32.0,34.0,-116.0,33.0,-5.0,29.0,0.0,-128.0,-96.0,-16.0,-90.0,-111.0,32.0,5.0,85.0,-78.0,-160.0,15.0,-107.0,21.0,-23.0,-104.0,20.0,-136.0,-119.0,-66.0,-5.0,17.0,-4.0,-108.0,10.0,-74.0,27.0,-71.0,20.0,25.0,-100.0,-119.0,-18.0,-21.0,-97.0,-4.0,7.0,-14.0,17.0,47.0,-152.0,-16.0,18.0,24.0,11.0,-26.0,89.0,-62.0,-53.0,-31.0,72.0,-101.0,20.0,-9.0,15.0,30.0,1.0,-40.0,-153.0,-3.0,23.0,28.0,29.0,-6.0,15.0,-51.0,52.0,-38.0,-126.0,-13.0,100.0,124.0,11.0,-116.0,-109.0,-93.0,3.0,-58.0,24.0,59.0,-69.0,13.0,-10.0,3.0,16.0,-4.0,17.0,-94.0,-114.0,-83.0,116.0,20.0,19.0,9.0,-75.0,-94.0,-72.0,14.0,-57.0,-62.0,-134.0,-63.0,-73.0,-67.0,-55.0,10.0,37.0,8.0,91.0,15.0,-52.0,-146.0,-124.0,69.0,71.0,-13.0,-90.0,43.0,-114.0,-100.0,-18.0,21.0,19.0,-99.0,26.0,-91.0,-5.0,-63.0,-96.0,14.0,23.0,27.0,-69.0,-140.0,-8.0,23.0,-98.0,-41.0,15.0,32.0,27.0,-151.0,-81.0,-42.0,9.0,16.0,-147.0,59.0,51.0,-9.0,-40.0,-114.0,-117.0
20,20.0,3.0,-15.0,-124.0,-3.0,-108.0,-10.0,-17.0,-98.0,81.0,-47.0,-108.0,22.0,6.0,23.0,19.0,-10.0,33.0,52.0,2.0,-94.0,55.0,17.0,21.0,-15.0,-109.0,-45.0,-105.0,-67.0,42.0,-95.0,-85.0,-125.0,-65.0,16.0,-4.0,-125.0,13.0,-73.0,-75.0,-96.0,-29.0,34.0,-110.0,32.0,18.0,29.0,1.0,-128.0,-90.0,-28.0,-90.0,-112.0,36.0,-44.0,85.0,-79.0,-161.0,15.0,-80.0,22.0,-13.0,-118.0,20.0,-137.0,-118.0,-67.0,-5.0,17.0,-26.0,-107.0,10.0,-74.0,27.0,-27.0,20.0,21.0,-100.0,-119.0,-4.0,-16.0,-97.0,-3.0,49.0,-2.0,18.0,47.0,-152.0,-16.0,19.0,25.0,1.0,-36.0,90.0,-62.0,-39.0,-31.0,-28.0,-104.0,20.0,0.0,16.0,24.0,-27.0,-51.0,-66.0,-34.0,23.0,29.0,29.0,10.0,12.0,-13.0,47.0,-45.0,-144.0,-5.0,100.0,125.0,11.0,-117.0,-112.0,-92.0,115.0,-46.0,-55.0,59.0,-68.0,12.0,0.0,-19.0,-23.0,12.0,17.0,-105.0,-114.0,-83.0,129.0,20.0,20.0,9.0,-11.0,-15.0,-54.0,14.0,-105.0,-61.0,-134.0,-12.0,-73.0,-35.0,-72.0,10.0,39.0,9.0,102.0,2.0,-52.0,-146.0,-124.0,69.0,51.0,-13.0,-89.0,44.0,-114.0,-101.0,-51.0,20.0,20.0,-98.0,26.0,-92.0,0.0,9.0,-96.0,-10.0,23.0,25.0,-32.0,-147.0,10.0,23.0,-99.0,-40.0,15.0,24.0,21.0,-151.0,-102.0,-34.0,9.0,16.0,-147.0,59.0,54.0,14.0,-67.0,-114.0,-118.0
21,27.0,13.0,-15.0,-124.0,-2.0,-83.0,-11.0,-18.0,-98.0,107.0,-47.0,-108.0,7.0,7.0,23.0,21.0,-55.0,34.0,27.0,22.0,-94.0,59.0,17.0,29.0,-15.0,-56.0,-80.0,-106.0,-66.0,68.0,-94.0,-108.0,-125.0,-65.0,19.0,-2.0,-144.0,18.0,-73.0,-75.0,-96.0,-27.0,34.0,-15.0,-40.0,19.0,29.0,2.0,-128.0,-34.0,5.0,-90.0,-114.0,36.0,-93.0,85.0,-79.0,-161.0,14.0,-14.0,23.0,0.0,-119.0,20.0,-137.0,-118.0,-67.0,-5.0,18.0,-66.0,-109.0,10.0,-74.0,28.0,-12.0,21.0,15.0,-96.0,-120.0,-4.0,-16.0,-97.0,-2.0,55.0,-1.0,17.0,73.0,-146.0,45.0,20.0,25.0,8.0,-77.0,92.0,-62.0,-26.0,-31.0,-39.0,-117.0,19.0,20.0,16.0,24.0,-41.0,-69.0,11.0,-50.0,23.0,30.0,29.0,13.0,8.0,15.0,5.0,-22.0,-172.0,6.0,100.0,125.0,10.0,-117.0,-129.0,-92.0,129.0,-20.0,-110.0,59.0,-68.0,12.0,0.0,-21.0,-89.0,52.0,23.0,-110.0,-114.0,-83.0,129.0,23.0,21.0,9.0,-5.0,32.0,-14.0,-31.0,-117.0,-51.0,-135.0,31.0,-73.0,-21.0,-80.0,10.0,40.0,6.0,102.0,-39.0,-44.0,-146.0,-73.0,66.0,40.0,-34.0,-84.0,44.0,-114.0,-102.0,-90.0,20.0,21.0,-93.0,26.0,-93.0,4.0,21.0,-40.0,-84.0,23.0,19.0,31.0,-168.0,11.0,23.0,-99.0,-39.0,14.0,-65.0,-89.0,-148.0,-103.0,-79.0,-8.0,16.0,-32.0,33.0,56.0,15.0,-92.0,-114.0,-118.0
22,29.0,13.0,-15.0,-124.0,-1.0,40.0,-11.0,-18.0,-98.0,108.0,14.0,-109.0,21.0,7.0,22.0,21.0,-63.0,34.0,7.0,33.0,-95.0,63.0,17.0,36.0,12.0,1.0,-101.0,-107.0,-66.0,72.0,-94.0,-108.0,-118.0,-65.0,20.0,1.0,-145.0,18.0,-73.0,-75.0,-29.0,-26.0,35.0,22.0,-76.0,20.0,29.0,4.0,-75.0,7.0,14.0,-57.0,-115.0,36.0,-93.0,79.0,-79.0,-161.0,13.0,19.0,24.0,3.0,-119.0,20.0,-137.0,24.0,-68.0,-11.0,18.0,-94.0,-80.0,10.0,-74.0,29.0,11.0,21.0,-45.0,-3.0,-120.0,1.0,10.0,-97.0,-1.0,55.0,0.0,11.0,80.0,-121.0,140.0,21.0,25.0,3.0,-82.0,93.0,-63.0,-17.0,-31.0,-40.0,-118.0,19.0,27.0,16.0,24.0,-59.0,-70.0,18.0,-67.0,23.0,31.0,29.0,17.0,-16.0,16.0,-29.0,-16.0,-172.0,17.0,92.0,126.0,-3.0,-117.0,-130.0,-66.0,137.0,-31.0,-111.0,51.0,-69.0,-18.0,0.0,-24.0,-78.0,51.0,23.0,-111.0,-101.0,-82.0,116.0,23.0,22.0,9.0,13.0,36.0,6.0,-36.0,-124.0,58.0,-136.0,42.0,-73.0,-56.0,-80.0,19.0,41.0,-17.0,102.0,-88.0,-26.0,-122.0,-7.0,65.0,27.0,-58.0,-20.0,44.0,-114.0,-102.0,-102.0,0.0,21.0,-62.0,15.0,-93.0,-5.0,21.0,-8.0,-94.0,24.0,15.0,51.0,-173.0,11.0,23.0,-100.0,-35.0,13.0,-129.0,-149.0,-127.0,-103.0,-65.0,-19.0,17.0,24.0,3.0,57.0,16.0,-102.0,-114.0,-119.0
23,30.0,14.0,-15.0,-124.0,0.0,53.0,-12.0,-19.0,-98.0,112.0,19.0,-109.0,68.0,8.0,17.0,22.0,-63.0,33.0,3.0,34.0,-95.0,68.0,0.0,41.0,18.0,-5.0,-109.0,-107.0,-33.0,73.0,-94.0,-109.0,-88.0,-65.0,21.0,2.0,-145.0,24.0,55.0,-75.0,-22.0,-21.0,35.0,33.0,-77.0,21.0,24.0,5.0,-82.0,20.0,15.0,-1.0,-116.0,36.0,-93.0,60.0,-78.0,-161.0,11.0,24.0,25.0,6.0,-120.0,13.0,-137.0,31.0,-68.0,-21.0,18.0,-94.0,-47.0,-5.0,-70.0,30.0,17.0,21.0,-53.0,14.0,-120.0,5.0,6.0,-89.0,-1.0,56.0,1.0,9.0,73.0,-69.0,143.0,21.0,24.0,-4.0,-82.0,95.0,-63.0,-13.0,-32.0,-40.0,-118.0,22.0,29.0,16.0,24.0,-53.0,-70.0,18.0,-93.0,23.0,31.0,29.0,19.0,-79.0,16.0,-51.0,-16.0,-173.0,9.0,80.0,126.0,-61.0,-82.0,-130.0,-45.0,138.0,-28.0,-111.0,49.0,-69.0,-32.0,0.0,-24.0,-47.0,40.0,24.0,-111.0,-78.0,-27.0,116.0,23.0,24.0,9.0,30.0,56.0,8.0,14.0,-124.0,96.0,-136.0,54.0,-73.0,-49.0,-81.0,19.0,42.0,-9.0,102.0,-77.0,-35.0,-82.0,27.0,61.0,22.0,-69.0,-2.0,45.0,-114.0,-103.0,-102.0,-6.0,21.0,-24.0,-35.0,-93.0,-29.0,11.0,13.0,-94.0,24.0,-32.0,52.0,-173.0,12.0,23.0,-100.0,-36.0,11.0,-129.0,-154.0,-90.0,-103.0,-63.0,-15.0,18.0,25.0,49.0,59.0,18.0,-118.0,-115.0,-119.0
24,29.0,17.0,-16.0,-124.0,2.0,54.0,-12.0,-18.0,-98.0,115.0,28.0,-109.0,81.0,8.0,-11.0,24.0,-64.0,26.0,-15.0,35.0,-95.0,72.0,-13.0,45.0,32.0,11.0,-109.0,-108.0,19.0,73.0,-94.0,-109.0,-68.0,-65.0,23.0,4.0,-146.0,24.0,86.0,-75.0,-49.0,-17.0,36.0,34.0,-77.0,22.0,17.0,5.0,-60.0,18.0,15.0,17.0,-116.0,36.0,-93.0,25.0,-77.0,-139.0,9.0,30.0,26.0,9.0,-120.0,20.0,-138.0,32.0,-68.0,-15.0,18.0,-77.0,0.0,-21.0,-57.0,30.0,24.0,21.0,-49.0,10.0,-120.0,9.0,43.0,-23.0,-1.0,58.0,1.0,6.0,67.0,-41.0,158.0,22.0,2.0,-13.0,-82.0,97.0,-63.0,-12.0,-32.0,-41.0,-118.0,22.0,37.0,16.0,-22.0,-46.0,-25.0,19.0,-96.0,24.0,31.0,29.0,21.0,-104.0,17.0,-51.0,-24.0,-173.0,15.0,101.0,127.0,-60.0,-56.0,-130.0,-24.0,138.0,-13.0,-111.0,44.0,-69.0,-3.0,18.0,-25.0,-25.0,40.0,24.0,-112.0,-4.0,10.0,116.0,30.0,25.0,0.0,30.0,57.0,10.0,22.0,-124.0,96.0,-136.0,57.0,-73.0,-64.0,-81.0,20.0,43.0,-29.0,102.0,-71.0,-40.0,-16.0,28.0,30.0,19.0,-46.0,0.0,45.0,-109.0,-103.0,-102.0,17.0,21.0,-24.0,-26.0,-94.0,-11.0,17.0,24.0,-94.0,23.0,-49.0,53.0,-173.0,12.0,17.0,-100.0,-38.0,9.0,-130.0,-154.0,-37.0,-103.0,-85.0,9.0,20.0,26.0,45.0,60.0,19.0,-115.0,-115.0,-119.0
25,24.0,18.0,-16.0,-86.0,3.0,55.0,-12.0,-3.0,-98.0,125.0,28.0,-109.0,104.0,9.0,-24.0,25.0,-64.0,-7.0,-5.0,36.0,-95.0,75.0,-13.0,48.0,32.0,0.0,-109.0,-108.0,19.0,73.0,-94.0,-109.0,-54.0,-20.0,24.0,6.0,-146.0,24.0,79.0,-75.0,-41.0,-13.0,37.0,36.0,-77.0,23.0,-16.0,6.0,-34.0,3.0,16.0,18.0,-116.0,36.0,-94.0,38.0,-54.0,-127.0,7.0,31.0,27.0,12.0,-121.0,20.0,-138.0,32.0,-68.0,-6.0,18.0,-66.0,18.0,-11.0,-60.0,31.0,24.0,20.0,-54.0,-1.0,-120.0,12.0,45.0,-2.0,-1.0,59.0,1.0,5.0,46.0,-43.0,149.0,23.0,-16.0,-24.0,-82.0,99.0,-63.0,-10.0,-32.0,-42.0,-118.0,22.0,43.0,15.0,-57.0,-35.0,22.0,20.0,-96.0,24.0,31.0,29.0,23.0,-101.0,18.0,-52.0,-34.0,-173.0,1.0,77.0,127.0,-71.0,2.0,-130.0,-27.0,138.0,-11.0,-111.0,35.0,-69.0,4.0,24.0,-26.0,-7.0,64.0,23.0,-112.0,25.0,15.0,102.0,31.0,27.0,9.0,29.0,51.0,12.0,23.0,-124.0,96.0,-137.0,57.0,-73.0,-72.0,-69.0,21.0,43.0,-33.0,71.0,-89.0,-52.0,14.0,28.0,-18.0,22.0,-36.0,-11.0,46.0,-95.0,-103.0,-90.0,22.0,21.0,-13.0,-13.0,-94.0,7.0,21.0,24.0,-84.0,15.0,-27.0,54.0,-159.0,13.0,11.0,-100.0,-37.0,8.0,-130.0,-154.0,-15.0,-103.0,-96.0,3.0,22.0,27.0,26.0,61.0,20.0,-113.0,-115.0,-120.0
26,25.0,20.0,-16.0,-81.0,4.0,55.0,-12.0,6.0,-96.0,127.0,28.0,-109.0,91.0,9.0,-28.0,26.0,-64.0,-20.0,-7.0,36.0,-95.0,77.0,-11.0,49.0,26.0,-18.0,-94.0,-108.0,19.0,73.0,-94.0,-109.0,-42.0,8.0,24.0,7.0,-146.0,24.0,68.0,-76.0,-22.0,-7.0,38.0,38.0,-77.0,24.0,-20.0,6.0,12.0,-2.0,16.0,19.0,-116.0,33.0,-94.0,40.0,-36.0,-117.0,-11.0,32.0,28.0,14.0,-121.0,20.0,-138.0,33.0,-68.0,-3.0,18.0,-66.0,7.0,-14.0,-37.0,31.0,25.0,20.0,-36.0,21.0,-120.0,14.0,45.0,19.0,-1.0,59.0,2.0,2.0,56.0,-47.0,136.0,23.0,-36.0,-20.0,-58.0,101.0,-63.0,-10.0,-33.0,-42.0,-118.0,22.0,48.0,15.0,-78.0,-27.0,34.0,20.0,-96.0,24.0,31.0,27.0,24.0,-87.0,19.0,-51.0,-17.0,-171.0,6.0,47.0,127.0,-74.0,21.0,-126.0,-32.0,138.0,-2.0,-111.0,30.0,-69.0,-3.0,25.0,-27.0,11.0,54.0,9.0,-112.0,11.0,10.0,91.0,32.0,29.0,10.0,28.0,44.0,13.0,24.0,-124.0,94.0,-137.0,57.0,-67.0,-85.0,-62.0,22.0,43.0,-25.0,5.0,-98.0,-58.0,14.0,29.0,-49.0,23.0,-37.0,-23.0,47.0,-67.0,-104.0,-62.0,27.0,21.0,-9.0,-9.0,-94.0,14.0,21.0,25.0,-61.0,12.0,-17.0,54.0,-121.0,15.0,3.0,-100.0,-27.0,-6.0,-130.0,-145.0,6.0,-89.0,-76.0,2.0,25.0,29.0,3.0,61.0,21.0,-116.0,-115.0,-120.0
27,23.0,22.0,-16.0,-69.0,5.0,54.0,-12.0,12.0,-92.0,127.0,28.0,-109.0,83.0,10.0,-45.0,27.0,-64.0,-21.0,-15.0,36.0,-96.0,78.0,-10.0,50.0,19.0,-24.0,-91.0,-107.0,19.0,74.0,-94.0,-109.0,-38.0,44.0,24.0,8.0,-146.0,24.0,55.0,-76.0,-2.0,-5.0,40.0,39.0,-77.0,24.0,-24.0,7.0,18.0,-8.0,16.0,20.0,-115.0,16.0,-94.0,41.0,5.0,-95.0,-13.0,34.0,29.0,16.0,-121.0,20.0,-138.0,33.0,-68.0,-4.0,18.0,-68.0,16.0,-24.0,-33.0,32.0,25.0,21.0,-19.0,25.0,-108.0,16.0,45.0,19.0,-5.0,59.0,4.0,1.0,58.0,-45.0,111.0,24.0,-39.0,-20.0,-37.0,103.0,-63.0,-10.0,-33.0,-42.0,-118.0,22.0,49.0,14.0,-86.0,-27.0,42.0,20.0,-82.0,24.0,30.0,19.0,26.0,-63.0,20.0,-51.0,-16.0,-110.0,2.0,32.0,123.0,-75.0,22.0,-101.0,-29.0,137.0,10.0,-111.0,27.0,-69.0,-6.0,27.0,-27.0,21.0,63.0,-6.0,-112.0,5.0,-12.0,77.0,32.0,30.0,10.0,13.0,33.0,15.0,24.0,-121.0,90.0,-136.0,38.0,-52.0,-87.0,-63.0,23.0,43.0,-20.0,-28.0,-98.0,-56.0,8.0,29.0,-39.0,28.0,-22.0,-8.0,49.0,-67.0,-103.0,-53.0,27.0,21.0,-19.0,-7.0,-94.0,19.0,21.0,26.0,-43.0,7.0,-11.0,54.0,-101.0,16.0,6.0,-100.0,-11.0,-8.0,-130.0,-109.0,8.0,-67.0,-62.0,-4.0,27.0,30.0,-20.0,62.0,22.0,-115.0,-115.0,-119.0
28,22.0,23.0,-16.0,-58.0,6.0,54.0,-12.0,16.0,-79.0,127.0,25.0,-109.0,93.0,10.0,-54.0,28.0,-64.0,-22.0,-20.0,37.0,-96.0,83.0,-13.0,50.0,32.0,-19.0,-89.0,-107.0,15.0,74.0,-71.0,-109.0,-31.0,66.0,25.0,9.0,-146.0,24.0,53.0,-75.0,-7.0,-3.0,43.0,40.0,-77.0,25.0,-24.0,7.0,7.0,-17.0,16.0,21.0,-93.0,0.0,-93.0,32.0,17.0,-75.0,-15.0,36.0,30.0,18.0,-121.0,21.0,-138.0,33.0,-68.0,-5.0,3.0,-72.0,24.0,-36.0,-21.0,32.0,26.0,21.0,-7.0,30.0,-78.0,18.0,46.0,20.0,-12.0,58.0,5.0,0.0,52.0,-17.0,89.0,25.0,-48.0,-9.0,-29.0,104.0,-63.0,-11.0,-33.0,-43.0,-118.0,22.0,50.0,15.0,-88.0,-15.0,34.0,20.0,-78.0,25.0,25.0,3.0,27.0,-42.0,21.0,-45.0,-4.0,-66.0,-3.0,12.0,93.0,-75.0,22.0,-85.0,-27.0,105.0,15.0,-111.0,24.0,-69.0,2.0,30.0,-28.0,21.0,52.0,-6.0,-112.0,-9.0,-15.0,66.0,33.0,31.0,11.0,10.0,39.0,16.0,26.0,-117.0,79.0,-136.0,19.0,-39.0,-87.0,-62.0,25.0,43.0,-15.0,-28.0,-98.0,-58.0,5.0,29.0,-33.0,29.0,-1.0,-10.0,52.0,-56.0,-103.0,-44.0,28.0,21.0,-22.0,-5.0,-94.0,17.0,21.0,28.0,-15.0,12.0,-9.0,53.0,-84.0,18.0,5.0,-100.0,0.0,-10.0,-129.0,-91.0,11.0,-56.0,-54.0,-6.0,29.0,31.0,-33.0,62.0,22.0,-104.0,-115.0,-119.0
29,19.0,24.0,-16.0,-57.0,7.0,54.0,-12.0,19.0,-53.0,113.0,26.0,-104.0,91.0,9.0,-54.0,29.0,-64.0,-24.0,-19.0,37.0,-95.0,88.0,-22.0,49.0,32.0,-10.0,-84.0,-93.0,13.0,74.0,-58.0,-109.0,-34.0,67.0,25.0,9.0,-146.0,21.0,43.0,-60.0,-8.0,-1.0,46.0,41.0,-77.0,25.0,-10.0,7.0,-8.0,-22.0,16.0,22.0,-73.0,-10.0,-92.0,27.0,18.0,-63.0,-17.0,37.0,30.0,20.0,-121.0,21.0,-138.0,33.0,-68.0,-10.0,-10.0,-74.0,27.0,-43.0,-8.0,33.0,27.0,22.0,-3.0,30.0,-65.0,19.0,45.0,21.0,-21.0,50.0,7.0,-1.0,54.0,-8.0,85.0,25.0,-55.0,-6.0,-22.0,106.0,-62.0,-12.0,-33.0,-43.0,-108.0,22.0,49.0,15.0,-95.0,-9.0,29.0,20.0,-72.0,25.0,17.0,5.0,27.0,-31.0,21.0,-39.0,1.0,-33.0,-7.0,-2.0,69.0,-75.0,24.0,-64.0,-29.0,63.0,13.0,-102.0,13.0,-55.0,-2.0,32.0,-29.0,21.0,41.0,-8.0,-112.0,0.0,-14.0,53.0,35.0,33.0,12.0,2.0,38.0,17.0,27.0,-103.0,71.0,-104.0,12.0,-32.0,-87.0,-53.0,26.0,43.0,-20.0,-29.0,-98.0,-62.0,1.0,28.0,-37.0,23.0,8.0,-19.0,56.0,-49.0,-103.0,-34.0,28.0,21.0,-29.0,-6.0,-94.0,20.0,21.0,29.0,-3.0,16.0,-10.0,38.0,-48.0,18.0,8.0,-100.0,2.0,-12.0,-101.0,-82.0,5.0,-50.0,-50.0,-7.0,31.0,31.0,-43.0,61.0,23.0,-101.0,-115.0,-83.0
30,15.0,26.0,-16.0,-60.0,8.0,54.0,-12.0,19.0,-43.0,91.0,22.0,-91.0,103.0,9.0,-50.0,30.0,-54.0,-25.0,-16.0,38.0,-64.0,93.0,-33.0,48.0,32.0,-9.0,-67.0,-79.0,6.0,71.0,-52.0,-109.0,-32.0,70.0,24.0,10.0,-135.0,15.0,37.0,-20.0,-16.0,0.0,49.0,42.0,-77.0,25.0,-5.0,8.0,-13.0,-24.0,12.0,23.0,-65.0,-12.0,-74.0,32.0,13.0,-61.0,-19.0,39.0,30.0,22.0,-121.0,21.0,-138.0,32.0,-68.0,-11.0,-18.0,-69.0,28.0,-42.0,-6.0,33.0,28.0,23.0,6.0,28.0,-39.0,20.0,45.0,21.0,-26.0,48.0,9.0,-2.0,46.0,-4.0,90.0,26.0,-54.0,1.0,-11.0,107.0,-51.0,-13.0,-33.0,-44.0,-99.0,22.0,47.0,8.0,-103.0,-8.0,20.0,21.0,-69.0,25.0,18.0,8.0,28.0,-15.0,22.0,-32.0,0.0,-26.0,-11.0,2.0,45.0,-75.0,25.0,-54.0,-33.0,30.0,9.0,-75.0,3.0,-48.0,-10.0,34.0,-29.0,22.0,34.0,-8.0,-112.0,-1.0,-15.0,43.0,37.0,33.0,14.0,-5.0,38.0,19.0,27.0,-88.0,58.0,-74.0,5.0,-29.0,-82.0,-46.0,28.0,44.0,-22.0,-29.0,-94.0,-59.0,-10.0,23.0,-38.0,16.0,17.0,-23.0,58.0,-36.0,-103.0,-26.0,28.0,21.0,-32.0,11.0,-94.0,19.0,9.0,31.0,3.0,11.0,0.0,21.0,-21.0,17.0,6.0,-101.0,2.0,-13.0,-83.0,-77.0,-1.0,-44.0,-57.0,-5.0,32.0,31.0,-46.0,60.0,24.0,-90.0,-107.0,-58.0
31,11.0,26.0,-16.0,-56.0,9.0,54.0,-12.0,16.0,-31.0,70.0,27.0,-81.0,103.0,1.0,-55.0,31.0,-34.0,-26.0,-13.0,38.0,-39.0,96.0,-34.0,47.0,27.0,-14.0,-46.0,-69.0,4.0,59.0,-44.0,-109.0,-35.0,71.0,24.0,11.0,-122.0,8.0,40.0,3.0,-18.0,1.0,52.0,42.0,-77.0,25.0,0.0,9.0,-14.0,-19.0,11.0,24.0,-55.0,-17.0,-66.0,34.0,9.0,-56.0,-21.0,41.0,31.0,24.0,-121.0,21.0,-137.0,25.0,-68.0,-15.0,-12.0,-64.0,28.0,-34.0,-8.0,33.0,31.0,23.0,10.0,21.0,-23.0,20.0,41.0,22.0,-22.0,51.0,12.0,-3.0,32.0,-1.0,84.0,27.0,-56.0,3.0,-10.0,107.0,-47.0,-22.0,-33.0,-44.0,-95.0,21.0,43.0,2.0,-106.0,-9.0,14.0,21.0,-70.0,25.0,16.0,15.0,28.0,-7.0,22.0,-22.0,3.0,-7.0,-16.0,9.0,55.0,-75.0,25.0,-36.0,-38.0,6.0,19.0,-59.0,-9.0,-46.0,-16.0,35.0,-30.0,23.0,22.0,-4.0,-109.0,0.0,-1.0,31.0,39.0,34.0,15.0,-8.0,37.0,19.0,27.0,-61.0,47.0,-58.0,-1.0,-28.0,-69.0,-40.0,29.0,44.0,-13.0,-30.0,-90.0,-57.0,-12.0,19.0,-39.0,9.0,21.0,-26.0,60.0,-31.0,-86.0,-27.0,28.0,22.0,-35.0,13.0,-82.0,29.0,-1.0,33.0,7.0,5.0,6.0,6.0,-5.0,14.0,8.0,-101.0,1.0,-15.0,-62.0,-69.0,-4.0,-39.0,-59.0,-3.0,32.0,31.0,-44.0,43.0,24.0,-76.0,-91.0,-43.0
32,7.0,26.0,-16.0,-52.0,9.0,46.0,-12.0,16.0,-22.0,49.0,25.0,-71.0,116.0,-14.0,-58.0,31.0,-25.0,-27.0,-13.0,39.0,-18.0,97.0,-37.0,45.0,18.0,-16.0,-33.0,-61.0,5.0,48.0,-41.0,-106.0,-41.0,73.0,22.0,11.0,-106.0,1.0,37.0,13.0,-13.0,2.0,55.0,42.0,-75.0,25.0,0.0,10.0,-8.0,-18.0,9.0,24.0,-50.0,-23.0,-60.0,30.0,5.0,-49.0,-23.0,43.0,32.0,26.0,-113.0,21.0,-124.0,7.0,-55.0,-18.0,-14.0,-58.0,28.0,-25.0,-13.0,34.0,34.0,22.0,20.0,10.0,-11.0,21.0,34.0,23.0,-20.0,57.0,15.0,-3.0,20.0,-4.0,73.0,28.0,-49.0,2.0,-10.0,108.0,-48.0,-30.0,-33.0,-44.0,-92.0,17.0,32.0,-4.0,-105.0,-14.0,5.0,21.0,-73.0,25.0,15.0,15.0,28.0,5.0,23.0,-13.0,6.0,5.0,-16.0,13.0,54.0,-75.0,26.0,-29.0,-38.0,-12.0,22.0,-52.0,-13.0,-35.0,-23.0,34.0,-30.0,24.0,12.0,-2.0,-104.0,-3.0,17.0,16.0,40.0,34.0,16.0,-13.0,32.0,20.0,27.0,-45.0,41.0,-50.0,-7.0,-26.0,-56.0,-40.0,30.0,44.0,-11.0,-31.0,-78.0,-41.0,-15.0,14.0,-47.0,2.0,22.0,-27.0,62.0,-27.0,-73.0,-24.0,27.0,22.0,-32.0,15.0,-72.0,35.0,-6.0,34.0,7.0,-2.0,8.0,-8.0,-2.0,11.0,5.0,-100.0,1.0,-16.0,-44.0,-69.0,0.0,-38.0,-51.0,-2.0,32.0,30.0,-42.0,29.0,24.0,-61.0,-78.0,-28.0
33,5.0,26.0,-16.0,-51.0,8.0,43.0,-12.0,15.0,-12.0,32.0,19.0,-67.0,115.0,-24.0,-59.0,32.0,-14.0,-28.0,-12.0,38.0,-7.0,98.0,-34.0,45.0,5.0,-21.0,-26.0,-57.0,6.0,40.0,-41.0,-95.0,-45.0,73.0,18.0,11.0,-97.0,-4.0,38.0,24.0,-6.0,3.0,58.0,42.0,-68.0,25.0,7.0,11.0,-6.0,-16.0,7.0,24.0,-49.0,-30.0,-55.0,32.0,3.0,-37.0,-24.0,46.0,31.0,28.0,-102.0,22.0,-114.0,7.0,-48.0,-15.0,-11.0,-55.0,27.0,-18.0,-13.0,34.0,37.0,21.0,24.0,4.0,-3.0,21.0,29.0,23.0,-16.0,57.0,18.0,-4.0,7.0,-9.0,64.0,28.0,-42.0,0.0,-13.0,108.0,-50.0,-38.0,-33.0,-44.0,-87.0,15.0,21.0,3.0,-99.0,-17.0,-2.0,21.0,-79.0,24.0,12.0,16.0,28.0,7.0,24.0,-8.0,7.0,17.0,-11.0,11.0,60.0,-74.0,26.0,-28.0,-40.0,-25.0,26.0,-47.0,-13.0,-21.0,-29.0,32.0,-31.0,24.0,6.0,-5.0,-102.0,-9.0,23.0,6.0,40.0,35.0,15.0,-13.0,29.0,20.0,27.0,-36.0,38.0,-50.0,-12.0,-25.0,-45.0,-37.0,31.0,44.0,-12.0,-32.0,-67.0,-29.0,-15.0,11.0,-55.0,-3.0,21.0,-26.0,62.0,-26.0,-66.0,-21.0,21.0,23.0,-28.0,16.0,-65.0,33.0,-8.0,36.0,10.0,-6.0,19.0,-15.0,-6.0,6.0,8.0,-93.0,1.0,-17.0,-34.0,-72.0,-2.0,-40.0,-50.0,-4.0,32.0,27.0,-39.0,22.0,24.0,-53.0,-65.0,-13.0
34,3.0,25.0,-16.0,-47.0,8.0,45.0,-10.0,13.0,1.0,19.0,12.0,-62.0,108.0,-26.0,-60.0,33.0,-8.0,-29.0,-12.0,37.0,2.0,98.0,-32.0,43.0,-5.0,-24.0,-21.0,-54.0,8.0,30.0,-33.0,-80.0,-44.0,71.0,13.0,11.0,-78.0,-8.0,34.0,37.0,-3.0,3.0,59.0,41.0,-58.0,23.0,8.0,13.0,2.0,-17.0,5.0,24.0,-50.0,-35.0,-54.0,31.0,-2.0,-27.0,-26.0,49.0,31.0,29.0,-90.0,23.0,-109.0,8.0,-42.0,-13.0,-12.0,-53.0,27.0,-11.0,-8.0,34.0,40.0,11.0,24.0,-3.0,2.0,20.0,25.0,23.0,-11.0,57.0,21.0,-4.0,10.0,-17.0,52.0,28.0,-40.0,-1.0,-12.0,107.0,-49.0,-42.0,-31.0,-43.0,-81.0,13.0,13.0,10.0,-90.0,-21.0,-5.0,21.0,-79.0,22.0,9.0,13.0,27.0,6.0,24.0,-4.0,7.0,21.0,-8.0,5.0,61.0,-63.0,26.0,-25.0,-41.0,-26.0,27.0,-43.0,-13.0,-7.0,-35.0,28.0,-31.0,24.0,-1.0,-1.0,-94.0,-3.0,27.0,3.0,40.0,35.0,13.0,-14.0,25.0,19.0,27.0,-32.0,30.0,-51.0,-12.0,-23.0,-39.0,-33.0,31.0,41.0,-14.0,-33.0,-57.0,-21.0,-13.0,10.0,-55.0,-5.0,21.0,-26.0,61.0,-26.0,-54.0,-16.0,11.0,25.0,-19.0,15.0,-60.0,30.0,-5.0,38.0,12.0,-9.0,27.0,-17.0,-12.0,-5.0,13.0,-84.0,-1.0,-19.0,-27.0,-76.0,-4.0,-39.0,-49.0,-3.0,30.0,15.0,-35.0,14.0,23.0,-50.0,-56.0,-7.0
35,1.0,24.0,-16.0,-40.0,7.0,40.0,-7.0,10.0,11.0,8.0,6.0,-58.0,97.0,-28.0,-60.0,35.0,-5.0,-30.0,-11.0,31.0,6.0,97.0,-31.0,40.0,-13.0,-27.0,-14.0,-51.0,8.0,17.0,-21.0,-68.0,-44.0,69.0,10.0,11.0,-67.0,-12.0,29.0,44.0,-5.0,3.0,59.0,40.0,-51.0,15.0,10.0,15.0,10.0,-22.0,3.0,24.0,-47.0,-37.0,-47.0,29.0,-6.0,-19.0,-28.0,53.0,30.0,30.0,-81.0,23.0,-104.0,13.0,-34.0,-11.0,-14.0,-50.0,24.0,-6.0,-6.0,33.0,42.0,4.0,24.0,-11.0,6.0,19.0,18.0,23.0,-9.0,55.0,23.0,-5.0,6.0,-21.0,45.0,28.0,-32.0,-3.0,-12.0,107.0,-49.0,-35.0,-31.0,-43.0,-75.0,10.0,6.0,11.0,-86.0,-22.0,-10.0,20.0,-74.0,18.0,6.0,15.0,27.0,3.0,24.0,0.0,6.0,22.0,-11.0,2.0,59.0,-51.0,28.0,-24.0,-40.0,-26.0,27.0,-41.0,-14.0,9.0,-39.0,23.0,-31.0,23.0,-5.0,2.0,-86.0,-1.0,30.0,-1.0,38.0,36.0,11.0,-17.0,20.0,19.0,26.0,-27.0,23.0,-51.0,-12.0,-21.0,-33.0,-25.0,31.0,36.0,-16.0,-33.0,-48.0,-17.0,-12.0,9.0,-56.0,-4.0,23.0,-26.0,59.0,-26.0,-41.0,-16.0,-1.0,25.0,-12.0,16.0,-51.0,28.0,-5.0,42.0,14.0,-11.0,28.0,-16.0,-16.0,-13.0,16.0,-71.0,-4.0,-20.0,-20.0,-78.0,-4.0,-38.0,-45.0,-2.0,28.0,4.0,-35.0,7.0,23.0,-48.0,-48.0,-3.0
36,-1.0,21.0,-17.0,-36.0,7.0,33.0,-7.0,7.0,16.0,0.0,2.0,-53.0,86.0,-28.0,-58.0,36.0,-3.0,-31.0,-7.0,21.0,5.0,96.0,-29.0,32.0,-21.0,-27.0,-10.0,-47.0,7.0,9.0,-13.0,-57.0,-46.0,65.0,6.0,12.0,-56.0,-12.0,23.0,48.0,-6.0,3.0,58.0,39.0,-44.0,12.0,10.0,16.0,11.0,-21.0,0.0,24.0,-33.0,-36.0,-41.0,26.0,-10.0,-15.0,-29.0,57.0,30.0,30.0,-74.0,24.0,-100.0,16.0,-28.0,-9.0,-16.0,-47.0,26.0,4.0,-3.0,33.0,44.0,-3.0,24.0,-18.0,10.0,17.0,14.0,22.0,-6.0,52.0,25.0,-6.0,2.0,-21.0,41.0,27.0,-28.0,-3.0,-12.0,107.0,-45.0,-28.0,-29.0,-42.0,-68.0,11.0,5.0,14.0,-79.0,-22.0,-12.0,20.0,-70.0,15.0,4.0,17.0,27.0,6.0,24.0,3.0,6.0,25.0,-11.0,2.0,55.0,-43.0,29.0,-27.0,-41.0,-27.0,27.0,-39.0,-16.0,17.0,-40.0,14.0,-31.0,20.0,-10.0,5.0,-77.0,1.0,32.0,-5.0,37.0,35.0,8.0,-18.0,14.0,17.0,23.0,-25.0,17.0,-49.0,-10.0,-20.0,-27.0,-22.0,31.0,31.0,-18.0,-34.0,-36.0,-14.0,-12.0,6.0,-54.0,-3.0,25.0,-25.0,57.0,-21.0,-33.0,-11.0,-7.0,25.0,-7.0,17.0,-45.0,26.0,-6.0,44.0,22.0,-13.0,30.0,-16.0,-19.0,-20.0,19.0,-62.0,-6.0,-21.0,-11.0,-80.0,-7.0,-35.0,-41.0,0.0,28.0,-6.0,-34.0,2.0,21.0,-47.0,-42.0,0.0
37,-3.0,16.0,-17.0,-34.0,5.0,30.0,-7.0,5.0,19.0,-5.0,0.0,-49.0,73.0,-25.0,-58.0,37.0,1.0,-31.0,-5.0,12.0,4.0,95.0,-25.0,26.0,-23.0,-23.0,-9.0,-44.0,9.0,1.0,-3.0,-48.0,-47.0,53.0,4.0,12.0,-49.0,-11.0,18.0,52.0,-5.0,2.0,56.0,33.0,-39.0,11.0,10.0,17.0,11.0,-21.0,-2.0,24.0,-22.0,-36.0,-38.0,27.0,-13.0,-14.0,-30.0,59.0,29.0,30.0,-68.0,24.0,-97.0,19.0,-22.0,-7.0,-16.0,-44.0,28.0,12.0,-3.0,34.0,45.0,0.0,25.0,-24.0,16.0,17.0,10.0,22.0,-2.0,46.0,27.0,-6.0,-5.0,-23.0,38.0,27.0,-26.0,-2.0,-12.0,107.0,-43.0,-23.0,-29.0,-36.0,-53.0,9.0,3.0,16.0,-73.0,-24.0,-11.0,19.0,-63.0,11.0,2.0,20.0,26.0,7.0,24.0,3.0,5.0,26.0,-13.0,-1.0,50.0,-37.0,30.0,-27.0,-45.0,-27.0,27.0,-38.0,-17.0,20.0,-41.0,6.0,-31.0,13.0,-10.0,7.0,-68.0,2.0,33.0,-9.0,36.0,34.0,2.0,-14.0,8.0,17.0,15.0,-25.0,13.0,-48.0,-9.0,-18.0,-21.0,-17.0,31.0,28.0,-20.0,-35.0,-28.0,-13.0,-14.0,4.0,-50.0,-2.0,24.0,-23.0,53.0,-16.0,-29.0,-3.0,-12.0,25.0,-3.0,14.0,-39.0,25.0,-6.0,45.0,27.0,-17.0,32.0,-15.0,-24.0,-24.0,21.0,-52.0,-9.0,-22.0,-6.0,-77.0,-11.0,-35.0,-39.0,2.0,24.0,-17.0,-34.0,-1.0,20.0,-45.0,-33.0,4.0
38,-4.0,12.0,-17.0,-33.0,-1.0,27.0,-8.0,4.0,20.0,-10.0,-1.0,-43.0,62.0,-20.0,-55.0,38.0,3.0,-32.0,-4.0,6.0,6.0,94.0,-23.0,22.0,-25.0,-20.0,-7.0,-39.0,15.0,-4.0,3.0,-41.0,-47.0,42.0,2.0,11.0,-45.0,-11.0,14.0,56.0,-7.0,1.0,53.0,24.0,-33.0,9.0,11.0,18.0,11.0,-20.0,-5.0,25.0,-15.0,-36.0,-36.0,25.0,-17.0,-13.0,-31.0,59.0,28.0,29.0,-61.0,24.0,-92.0,27.0,-16.0,-5.0,-9.0,-39.0,31.0,17.0,-2.0,34.0,45.0,-1.0,25.0,-29.0,17.0,17.0,4.0,22.0,-2.0,41.0,29.0,-7.0,-10.0,-26.0,35.0,27.0,-24.0,-1.0,-13.0,105.0,-40.0,-19.0,-29.0,-32.0,-43.0,7.0,0.0,16.0,-69.0,-24.0,-9.0,14.0,-58.0,8.0,0.0,21.0,26.0,7.0,24.0,4.0,5.0,27.0,-18.0,-2.0,45.0,-28.0,31.0,-25.0,-44.0,-28.0,27.0,-34.0,-17.0,21.0,-42.0,0.0,-30.0,6.0,-10.0,8.0,-61.0,0.0,33.0,-10.0,34.0,33.0,-2.0,-11.0,4.0,16.0,7.0,-26.0,10.0,-44.0,-7.0,-17.0,-16.0,-12.0,30.0,27.0,-20.0,-35.0,-21.0,-13.0,-17.0,-1.0,-48.0,-2.0,23.0,-21.0,48.0,-12.0,-27.0,3.0,-17.0,25.0,-1.0,15.0,-36.0,23.0,-6.0,44.0,30.0,-19.0,32.0,-14.0,-29.0,-26.0,23.0,-44.0,-12.0,-23.0,-4.0,-73.0,-14.0,-35.0,-39.0,1.0,19.0,-26.0,-33.0,-3.0,19.0,-41.0,-27.0,3.0
39,-5.0,7.0,-17.0,-32.0,-8.0,25.0,-9.0,3.0,18.0,-12.0,3.0,-39.0,52.0,-16.0,-50.0,40.0,3.0,-32.0,-1.0,1.0,8.0,92.0,-22.0,17.0,-25.0,-17.0,-5.0,-33.0,18.0,-9.0,8.0,-36.0,-43.0,33.0,0.0,9.0,-39.0,-11.0,10.0,54.0,-7.0,0.0,48.0,16.0,-29.0,6.0,12.0,18.0,10.0,-14.0,-7.0,26.0,-11.0,-30.0,-34.0,24.0,-20.0,-11.0,-32.0,57.0,27.0,29.0,-56.0,22.0,-86.0,33.0,-9.0,-5.0,-4.0,-35.0,34.0,18.0,0.0,34.0,44.0,0.0,25.0,-31.0,16.0,18.0,-1.0,22.0,-1.0,35.0,30.0,-7.0,-13.0,-28.0,33.0,26.0,-23.0,-1.0,-12.0,99.0,-34.0,-17.0,-26.0,-28.0,-35.0,11.0,-1.0,17.0,-65.0,-21.0,-8.0,10.0,-52.0,5.0,-2.0,21.0,25.0,7.0,23.0,3.0,7.0,27.0,-19.0,2.0,42.0,-21.0,32.0,-21.0,-43.0,-28.0,27.0,-29.0,-15.0,20.0,-37.0,-5.0,-29.0,2.0,-8.0,11.0,-53.0,-2.0,32.0,-11.0,34.0,31.0,-5.0,-11.0,3.0,12.0,0.0,-25.0,7.0,-43.0,-5.0,-17.0,-14.0,-10.0,30.0,24.0,-20.0,-36.0,-13.0,-13.0,-20.0,-3.0,-47.0,-2.0,22.0,-15.0,43.0,-11.0,-24.0,11.0,-17.0,25.0,2.0,16.0,-33.0,21.0,-8.0,42.0,33.0,-21.0,32.0,-15.0,-30.0,-27.0,24.0,-38.0,-14.0,-24.0,-4.0,-71.0,-16.0,-36.0,-37.0,0.0,14.0,-32.0,-33.0,-1.0,16.0,-37.0,-23.0,0.0
40,-5.0,4.0,-18.0,-31.0,-15.0,26.0,-9.0,2.0,16.0,-14.0,6.0,-35.0,43.0,-14.0,-41.0,40.0,4.0,-32.0,-1.0,-3.0,10.0,86.0,-21.0,13.0,-25.0,-12.0,2.0,-27.0,19.0,-12.0,10.0,-31.0,-38.0,25.0,-3.0,7.0,-31.0,-10.0,7.0,51.0,-6.0,-2.0,44.0,11.0,-26.0,5.0,10.0,18.0,10.0,-9.0,-9.0,26.0,-9.0,-27.0,-27.0,24.0,-20.0,-10.0,-32.0,54.0,26.0,28.0,-51.0,21.0,-79.0,35.0,-5.0,-5.0,0.0,-33.0,37.0,17.0,0.0,32.0,42.0,1.0,24.0,-31.0,12.0,18.0,-4.0,21.0,-1.0,29.0,31.0,-8.0,-16.0,-28.0,30.0,24.0,-22.0,-1.0,-9.0,87.0,-30.0,-14.0,-23.0,-25.0,-28.0,12.0,-1.0,18.0,-61.0,-19.0,-9.0,5.0,-47.0,3.0,-4.0,20.0,23.0,7.0,21.0,3.0,7.0,27.0,-19.0,7.0,39.0,-14.0,32.0,-18.0,-40.0,-28.0,27.0,-24.0,-13.0,18.0,-31.0,-9.0,-22.0,-2.0,-4.0,12.0,-46.0,-6.0,30.0,-13.0,34.0,29.0,-8.0,-11.0,3.0,9.0,-6.0,-23.0,4.0,-44.0,-4.0,-17.0,-13.0,-8.0,29.0,20.0,-19.0,-36.0,-7.0,-12.0,-21.0,-6.0,-41.0,-1.0,23.0,-11.0,33.0,-11.0,-23.0,14.0,-18.0,26.0,3.0,17.0,-30.0,18.0,-9.0,39.0,35.0,-22.0,32.0,-17.0,-28.0,-27.0,26.0,-34.0,-15.0,-24.0,-7.0,-68.0,-16.0,-36.0,-32.0,-1.0,10.0,-34.0,-33.0,-1.0,13.0,-35.0,-21.0,-1.0
41,-6.0,0.0,-18.0,-28.0,-21.0,26.0,-9.0,1.0,14.0,-14.0,10.0,-32.0,35.0,-14.0,-32.0,41.0,4.0,-32.0,-1.0,-5.0,11.0,75.0,-21.0,10.0,-25.0,-9.0,7.0,-23.0,19.0,-14.0,11.0,-27.0,-32.0,19.0,-5.0,1.0,-26.0,-9.0,3.0,45.0,-4.0,-3.0,39.0,7.0,-23.0,4.0,9.0,17.0,11.0,-5.0,-10.0,26.0,-8.0,-23.0,-22.0,25.0,-20.0,-12.0,-33.0,50.0,25.0,27.0,-47.0,17.0,-70.0,35.0,-2.0,-4.0,3.0,-31.0,38.0,16.0,0.0,29.0,39.0,1.0,21.0,-30.0,11.0,18.0,-7.0,21.0,0.0,23.0,30.0,-8.0,-19.0,-27.0,27.0,23.0,-19.0,-1.0,-8.0,75.0,-25.0,-13.0,-18.0,-22.0,-19.0,12.0,0.0,19.0,-57.0,-15.0,-9.0,2.0,-44.0,0.0,-6.0,20.0,21.0,6.0,19.0,2.0,6.0,26.0,-18.0,11.0,35.0,-8.0,33.0,-17.0,-34.0,-28.0,28.0,-21.0,-10.0,16.0,-26.0,-11.0,-17.0,-7.0,-1.0,11.0,-38.0,-8.0,27.0,-16.0,32.0,27.0,-9.0,-11.0,4.0,6.0,-8.0,-23.0,1.0,-44.0,-2.0,-18.0,-14.0,-6.0,30.0,17.0,-18.0,-36.0,-3.0,-9.0,-22.0,-7.0,-37.0,-2.0,24.0,-7.0,26.0,-12.0,-22.0,15.0,-20.0,26.0,3.0,19.0,-24.0,15.0,-6.0,35.0,35.0,-20.0,32.0,-16.0,-23.0,-26.0,26.0,-31.0,-17.0,-25.0,-11.0,-63.0,-16.0,-33.0,-29.0,-2.0,5.0,-33.0,-31.0,-2.0,11.0,-33.0,-19.0,-3.0
42,-6.0,-3.0,-18.0,-27.0,-25.0,24.0,-9.0,0.0,16.0,-14.0,13.0,-28.0,29.0,-14.0,-25.0,40.0,3.0,-32.0,-1.0,-7.0,12.0,65.0,-21.0,7.0,-22.0,-5.0,10.0,-20.0,17.0,-15.0,10.0,-23.0,-26.0,14.0,-7.0,-3.0,-24.0,-8.0,3.0,40.0,-1.0,-6.0,34.0,7.0,-21.0,2.0,8.0,16.0,11.0,-4.0,-11.0,26.0,-7.0,-20.0,-15.0,24.0,-20.0,-15.0,-33.0,45.0,24.0,26.0,-42.0,14.0,-62.0,33.0,-1.0,-3.0,3.0,-29.0,39.0,14.0,-1.0,23.0,35.0,4.0,20.0,-27.0,10.0,18.0,-9.0,21.0,-1.0,17.0,28.0,-9.0,-21.0,-23.0,23.0,21.0,-17.0,-2.0,-7.0,64.0,-21.0,-12.0,-14.0,-20.0,-13.0,13.0,3.0,19.0,-54.0,-14.0,-9.0,-1.0,-40.0,-2.0,-8.0,23.0,16.0,4.0,17.0,1.0,5.0,24.0,-17.0,15.0,31.0,-3.0,32.0,-17.0,-28.0,-28.0,27.0,-17.0,-8.0,13.0,-22.0,-12.0,-14.0,-11.0,0.0,12.0,-30.0,-10.0,24.0,-19.0,30.0,22.0,-9.0,-9.0,4.0,3.0,-11.0,-25.0,-2.0,-42.0,-2.0,-19.0,-13.0,-5.0,30.0,13.0,-17.0,-36.0,2.0,-8.0,-22.0,-5.0,-33.0,-2.0,22.0,-3.0,20.0,-13.0,-21.0,17.0,-22.0,26.0,3.0,20.0,-20.0,13.0,-4.0,31.0,34.0,-16.0,31.0,-15.0,-20.0,-24.0,27.0,-27.0,-18.0,-25.0,-13.0,-54.0,-15.0,-29.0,-26.0,-3.0,3.0,-34.0,-30.0,-3.0,6.0,-31.0,-16.0,-5.0
43,-6.0,-5.0,-17.0,-25.0,-24.0,25.0,-8.0,-1.0,17.0,-13.0,13.0,-24.0,24.0,-13.0,-18.0,39.0,3.0,-31.0,-1.0,-8.0,12.0,56.0,-21.0,4.0,-18.0,-3.0,12.0,-17.0,16.0,-15.0,9.0,-20.0,-22.0,11.0,-9.0,-6.0,-23.0,-7.0,4.0,34.0,3.0,-8.0,27.0,6.0,-18.0,0.0,8.0,14.0,13.0,-4.0,-12.0,25.0,-7.0,-18.0,-10.0,22.0,-20.0,-19.0,-33.0,40.0,25.0,24.0,-37.0,11.0,-55.0,31.0,2.0,-3.0,5.0,-27.0,38.0,12.0,-1.0,19.0,31.0,3.0,20.0,-25.0,9.0,16.0,-10.0,20.0,-1.0,12.0,25.0,-9.0,-22.0,-22.0,20.0,18.0,-14.0,-3.0,-5.0,54.0,-17.0,-11.0,-10.0,-17.0,-10.0,13.0,3.0,20.0,-48.0,-12.0,-7.0,-4.0,-36.0,-5.0,-9.0,24.0,11.0,1.0,14.0,0.0,3.0,22.0,-14.0,16.0,27.0,0.0,32.0,-16.0,-23.0,-28.0,26.0,-11.0,-6.0,11.0,-16.0,-12.0,-11.0,-14.0,1.0,12.0,-24.0,-10.0,21.0,-20.0,25.0,19.0,-9.0,-9.0,2.0,3.0,-12.0,-25.0,-4.0,-41.0,-1.0,-20.0,-12.0,-3.0,28.0,10.0,-16.0,-36.0,6.0,-7.0,-23.0,-3.0,-30.0,-1.0,20.0,-2.0,15.0,-12.0,-20.0,17.0,-24.0,24.0,3.0,19.0,-16.0,11.0,-2.0,27.0,31.0,-13.0,29.0,-13.0,-18.0,-22.0,26.0,-24.0,-19.0,-25.0,-15.0,-44.0,-13.0,-25.0,-24.0,-3.0,1.0,-35.0,-26.0,-3.0,6.0,-28.0,-12.0,-7.0
44,-7.0,-7.0,-17.0,-22.0,-23.0,26.0,-7.0,-2.0,15.0,-11.0,13.0,-21.0,20.0,-13.0,-14.0,37.0,2.0,-31.0,-2.0,-9.0,13.0,47.0,-20.0,1.0,-14.0,0.0,14.0,-15.0,14.0,-17.0,8.0,-18.0,-18.0,8.0,-10.0,-7.0,-22.0,-5.0,7.0,29.0,4.0,-8.0,22.0,4.0,-16.0,-2.0,6.0,12.0,13.0,-1.0,-13.0,24.0,-7.0,-15.0,-6.0,20.0,-18.0,-22.0,-32.0,34.0,25.0,21.0,-32.0,9.0,-49.0,27.0,3.0,-3.0,6.0,-25.0,36.0,10.0,-1.0,17.0,27.0,3.0,18.0,-23.0,9.0,12.0,-11.0,18.0,-2.0,8.0,22.0,-9.0,-22.0,-21.0,17.0,16.0,-11.0,-3.0,-4.0,46.0,-13.0,-10.0,-6.0,-15.0,-9.0,13.0,2.0,19.0,-41.0,-11.0,-6.0,-6.0,-32.0,-7.0,-10.0,22.0,8.0,-1.0,12.0,-2.0,1.0,18.0,-11.0,16.0,23.0,1.0,31.0,-15.0,-17.0,-27.0,23.0,-5.0,-4.0,9.0,-12.0,-11.0,-9.0,-14.0,0.0,13.0,-18.0,-10.0,17.0,-20.0,20.0,16.0,-9.0,-8.0,3.0,2.0,-13.0,-25.0,-6.0,-39.0,-1.0,-21.0,-11.0,-2.0,26.0,8.0,-14.0,-35.0,8.0,-5.0,-24.0,-1.0,-29.0,-1.0,18.0,2.0,11.0,-11.0,-19.0,17.0,-25.0,23.0,3.0,17.0,-13.0,9.0,2.0,23.0,28.0,-8.0,26.0,-9.0,-15.0,-20.0,25.0,-22.0,-19.0,-24.0,-17.0,-36.0,-9.0,-22.0,-24.0,-3.0,-1.0,-34.0,-23.0,-3.0,9.0,-27.0,-9.0,-11.0
45,-7.0,-8.0,-16.0,-19.0,-21.0,24.0,-6.0,-3.0,14.0,-10.0,12.0,-18.0,17.0,-14.0,-8.0,34.0,1.0,-31.0,-2.0,-9.0,13.0,40.0,-20.0,0.0,-8.0,3.0,14.0,-14.0,12.0,-18.0,6.0,-16.0,-15.0,6.0,-11.0,-8.0,-20.0,-4.0,8.0,25.0,5.0,-8.0,18.0,4.0,-12.0,-5.0,4.0,10.0,13.0,1.0,-13.0,23.0,-6.0,-12.0,-4.0,17.0,-16.0,-23.0,-32.0,30.0,23.0,17.0,-27.0,7.0,-41.0,23.0,3.0,-4.0,6.0,-23.0,33.0,8.0,-3.0,15.0,23.0,3.0,17.0,-21.0,9.0,9.0,-12.0,17.0,-3.0,6.0,20.0,-9.0,-20.0,-19.0,15.0,13.0,-9.0,-4.0,-4.0,38.0,-10.0,-9.0,-3.0,-13.0,-8.0,12.0,0.0,17.0,-35.0,-9.0,-5.0,-7.0,-28.0,-7.0,-10.0,20.0,7.0,-3.0,11.0,-4.0,-1.0,14.0,-9.0,15.0,20.0,2.0,29.0,-13.0,-12.0,-24.0,20.0,-2.0,-2.0,7.0,-9.0,-11.0,-8.0,-13.0,0.0,14.0,-14.0,-8.0,14.0,-19.0,17.0,15.0,-8.0,-7.0,3.0,2.0,-12.0,-26.0,-4.0,-36.0,-2.0,-22.0,-9.0,-1.0,23.0,5.0,-12.0,-34.0,8.0,-5.0,-24.0,1.0,-27.0,0.0,15.0,4.0,9.0,-10.0,-19.0,16.0,-24.0,22.0,2.0,15.0,-10.0,8.0,3.0,19.0,25.0,-4.0,23.0,-8.0,-13.0,-17.0,22.0,-20.0,-20.0,-24.0,-17.0,-28.0,-5.0,-19.0,-23.0,-3.0,-1.0,-32.0,-20.0,-2.0,11.0,-24.0,-7.0,-10.0
46,-7.0,-10.0,-14.0,-16.0,-17.0,22.0,-5.0,-3.0,12.0,-9.0,10.0,-16.0,14.0,-13.0,-4.0,31.0,-1.0,-30.0,-3.0,-7.0,11.0,34.0,-18.0,0.0,-5.0,5.0,13.0,-12.0,10.0,-19.0,5.0,-13.0,-12.0,4.0,-12.0,-9.0,-17.0,-4.0,8.0,21.0,5.0,-6.0,14.0,3.0,-10.0,-7.0,4.0,6.0,12.0,3.0,-14.0,21.0,-6.0,-9.0,-2.0,15.0,-13.0,-23.0,-31.0,25.0,21.0,13.0,-21.0,6.0,-35.0,19.0,3.0,-5.0,6.0,-21.0,30.0,7.0,-4.0,14.0,19.0,3.0,16.0,-18.0,8.0,7.0,-12.0,16.0,-4.0,4.0,17.0,-9.0,-17.0,-14.0,12.0,12.0,-7.0,-4.0,-5.0,32.0,-9.0,-9.0,-2.0,-11.0,-7.0,12.0,-1.0,16.0,-30.0,-8.0,-4.0,-6.0,-24.0,-8.0,-11.0,17.0,8.0,-3.0,10.0,-6.0,-4.0,10.0,-7.0,13.0,17.0,2.0,26.0,-12.0,-8.0,-20.0,17.0,0.0,-1.0,6.0,-6.0,-10.0,-7.0,-13.0,-1.0,13.0,-10.0,-7.0,11.0,-18.0,15.0,13.0,-8.0,-7.0,3.0,0.0,-9.0,-24.0,-3.0,-32.0,-3.0,-23.0,-7.0,0.0,20.0,3.0,-11.0,-32.0,7.0,-5.0,-22.0,2.0,-24.0,0.0,13.0,4.0,7.0,-9.0,-17.0,14.0,-24.0,20.0,1.0,13.0,-9.0,7.0,4.0,16.0,21.0,-1.0,19.0,-7.0,-11.0,-15.0,19.0,-18.0,-20.0,-24.0,-17.0,-22.0,-1.0,-17.0,-22.0,-1.0,-2.0,-29.0,-17.0,0.0,12.0,-22.0,-6.0,-9.0
47,-7.0,-10.0,-11.0,-14.0,-15.0,19.0,-4.0,-3.0,10.0,-7.0,9.0,-13.0,12.0,-13.0,-2.0,27.0,-2.0,-25.0,-3.0,-6.0,10.0,28.0,-16.0,-1.0,-3.0,5.0,12.0,-11.0,8.0,-17.0,4.0,-10.0,-10.0,3.0,-13.0,-9.0,-15.0,-3.0,7.0,17.0,4.0,-5.0,12.0,2.0,-7.0,-8.0,5.0,5.0,10.0,3.0,-14.0,18.0,-5.0,-7.0,0.0,13.0,-11.0,-23.0,-30.0,20.0,18.0,10.0,-17.0,4.0,-29.0,16.0,3.0,-5.0,6.0,-19.0,26.0,6.0,-2.0,12.0,16.0,2.0,14.0,-16.0,8.0,4.0,-12.0,13.0,-4.0,2.0,15.0,-9.0,-14.0,-10.0,11.0,11.0,-6.0,-5.0,-6.0,27.0,-8.0,-8.0,-1.0,-9.0,-6.0,10.0,-2.0,13.0,-26.0,-7.0,-4.0,-4.0,-19.0,-8.0,-11.0,15.0,8.0,-1.0,9.0,-7.0,-6.0,7.0,-6.0,12.0,14.0,2.0,23.0,-10.0,-5.0,-17.0,14.0,1.0,-1.0,5.0,-4.0,-8.0,-6.0,-11.0,0.0,12.0,-8.0,-6.0,9.0,-16.0,13.0,12.0,-7.0,-6.0,4.0,-2.0,-7.0,-22.0,-1.0,-28.0,-4.0,-24.0,-6.0,1.0,17.0,0.0,-9.0,-27.0,7.0,-6.0,-19.0,3.0,-21.0,0.0,11.0,4.0,5.0,-8.0,-16.0,12.0,-21.0,17.0,0.0,11.0,-8.0,6.0,3.0,13.0,18.0,0.0,16.0,-6.0,-10.0,-13.0,16.0,-16.0,-20.0,-23.0,-15.0,-18.0,1.0,-16.0,-21.0,0.0,-2.0,-26.0,-15.0,1.0,11.0,-17.0,-5.0,-8.0
48,-7.0,-11.0,-10.0,-11.0,-14.0,16.0,-3.0,-4.0,8.0,-6.0,7.0,-11.0,11.0,-13.0,-1.0,23.0,-4.0,-21.0,-3.0,-5.0,8.0,24.0,-14.0,-1.0,-2.0,5.0,10.0,-10.0,7.0,-14.0,3.0,-8.0,-8.0,3.0,-14.0,-9.0,-13.0,-3.0,6.0,15.0,4.0,-5.0,10.0,0.0,-6.0,-10.0,4.0,3.0,8.0,3.0,-14.0,15.0,-5.0,-5.0,0.0,11.0,-9.0,-21.0,-30.0,17.0,15.0,6.0,-14.0,4.0,-24.0,13.0,2.0,-6.0,6.0,-17.0,22.0,5.0,-1.0,10.0,13.0,2.0,12.0,-13.0,7.0,3.0,-11.0,11.0,-4.0,1.0,12.0,-9.0,-11.0,-8.0,9.0,10.0,-5.0,-5.0,-7.0,23.0,-8.0,-7.0,0.0,-8.0,-5.0,9.0,-2.0,11.0,-23.0,-7.0,-5.0,-3.0,-16.0,-7.0,-11.0,12.0,7.0,0.0,8.0,-8.0,-7.0,6.0,-5.0,10.0,12.0,2.0,19.0,-9.0,-4.0,-14.0,12.0,1.0,-1.0,4.0,-4.0,-7.0,-6.0,-9.0,1.0,10.0,-6.0,-6.0,7.0,-14.0,11.0,10.0,-6.0,-5.0,3.0,-3.0,-6.0,-20.0,-1.0,-24.0,-6.0,-25.0,-6.0,1.0,15.0,-2.0,-8.0,-23.0,6.0,-7.0,-16.0,2.0,-18.0,-1.0,9.0,4.0,4.0,-6.0,-13.0,10.0,-19.0,15.0,1.0,9.0,-6.0,6.0,3.0,11.0,15.0,0.0,14.0,-7.0,-8.0,-11.0,14.0,-13.0,-20.0,-22.0,-13.0,-15.0,1.0,-15.0,-19.0,0.0,-2.0,-21.0,-13.0,1.0,9.0,-14.0,-6.0,-6.0
49,0.0,0.0,0.0,0.0,0.0,0.0,0.0,0.0,0.0,0.0,0.0,0.0,0.0,0.0,0.0,0.0,0.0,0.0,0.0,0.0,0.0,0.0,0.0,0.0,0.0,0.0,0.0,0.0,0.0,0.0,0.0,0.0,0.0,0.0,0.0,0.0,0.0,0.0,0.0,0.0,0.0,0.0,0.0,0.0,0.0,0.0,0.0,0.0,0.0,0.0,0.0,0.0,0.0,0.0,0.0,0.0,0.0,0.0,0.0,0.0,0.0,0.0,0.0,0.0,0.0,0.0,0.0,0.0,0.0,0.0,0.0,0.0,0.0,0.0,0.0,0.0,0.0,0.0,0.0,0.0,0.0,0.0,0.0,0.0,0.0,0.0,0.0,0.0,0.0,0.0,0.0,0.0,0.0,0.0,0.0,0.0,0.0,0.0,0.0,0.0,0.0,0.0,0.0,0.0,0.0,0.0,0.0,0.0,0.0,0.0,0.0,0.0,0.0,0.0,0.0,0.0,0.0,0.0,0.0,0.0,0.0,0.0,0.0,0.0,0.0,0.0,0.0,0.0,0.0,0.0,0.0,0.0,0.0,0.0,0.0,0.0,0.0,0.0,0.0,0.0,0.0,0.0,0.0,0.0,0.0,0.0,0.0,0.0,0.0,0.0,0.0,0.0,0.0,0.0,0.0,0.0,0.0,0.0,0.0,0.0,0.0,0.0,0.0,0.0,0.0,0.0,0.0,0.0,0.0,0.0,0.0,0.0,0.0,0.0,0.0,0.0,0.0,0.0,0.0,0.0,0.0,0.0,0.0,0.0,0.0,0.0,0.0,0.0,0.0,0.0,0.0,0.0,0.0,0.0,0.0,0.0,0.0,0.0,0.0,0.0
